ERC report (2026-07-13T23:34:12, Encoding UTF8)
Report includes: Errors, Warnings

***** Sheet /
[unresolved_variable]: Unresolved text variable
    ; error
    @(81.915 mm, 123.19 mm): Hierarchical Label 'rg2_d+'
[unresolved_variable]: Unresolved text variable
    ; error
    @(81.915 mm, 125.73 mm): Hierarchical Label 'rg3_d-'
[unresolved_variable]: Unresolved text variable
    ; error
    @(80.645 mm, 77.47 mm): Hierarchical Label 'osc1'
[unresolved_variable]: Unresolved text variable
    ; error
    @(80.645 mm, 85.09 mm): Hierarchical Label 'osc2'
[unresolved_variable]: Unresolved text variable
    ; error
    @(80.772 mm, 151.003 mm): Hierarchical Label 'vbus'
[label_dangling]: Label not connected
    ; error
    @(80.772 mm, 151.003 mm): Hierarchical Label 'vbus'
[unresolved_variable]: Unresolved text variable
    ; error
    @(90.805 mm, 39.37 mm): Hierarchical Label 'VREF-'
[unresolved_variable]: Unresolved text variable
    ; error
    @(90.805 mm, 41.91 mm): Hierarchical Label 'VREF+'
[unresolved_variable]: Unresolved text variable
    ; error
    @(90.805 mm, 57.15 mm): Hierarchical Label 'ra10'
[unresolved_variable]: Unresolved text variable
    ; error
    @(90.805 mm, 59.69 mm): Hierarchical Label 'ra14'
[unresolved_variable]: Unresolved text variable
    ; error
    @(90.805 mm, 62.23 mm): Hierarchical Label 'ra15'
[unresolved_variable]: Unresolved text variable
    ; error
    @(90.805 mm, 138.43 mm): Hierarchical Label 'rg12'
[unresolved_variable]: Unresolved text variable
    ; error
    @(90.805 mm, 140.97 mm): Hierarchical Label 'rg13'
[unresolved_variable]: Unresolved text variable
    ; error
    @(90.805 mm, 143.51 mm): Hierarchical Label 'rg14'
[unresolved_variable]: Unresolved text variable
    ; error
    @(90.805 mm, 146.05 mm): Hierarchical Label 'rg15'
[unresolved_variable]: Unresolved text variable
    ; error
    @(90.805 mm, 80.01 mm): Hierarchical Label 'rc13'
[unresolved_variable]: Unresolved text variable
    ; error
    @(90.805 mm, 82.55 mm): Hierarchical Label 'rc14'
[unresolved_variable]: Unresolved text variable
    ; error
    @(90.805 mm, 67.31 mm): Hierarchical Label 'RC1'
[unresolved_variable]: Unresolved text variable
    ; error
    @(90.805 mm, 69.85 mm): Hierarchical Label 'RC2'
[unresolved_variable]: Unresolved text variable
    ; error
    @(90.805 mm, 72.39 mm): Hierarchical Label 'RC3'
[unresolved_variable]: Unresolved text variable
    ; error
    @(90.805 mm, 74.93 mm): Hierarchical Label 'RC4'
[unresolved_variable]: Unresolved text variable
    ; error
    @(90.805 mm, 90.17 mm): Hierarchical Label 'RE0'
[unresolved_variable]: Unresolved text variable
    ; error
    @(90.805 mm, 92.71 mm): Hierarchical Label 'RE1'
[unresolved_variable]: Unresolved text variable
    ; error
    @(90.805 mm, 95.25 mm): Hierarchical Label 'RE2'
[unresolved_variable]: Unresolved text variable
    ; error
    @(90.805 mm, 97.79 mm): Hierarchical Label 'RE3'
[unresolved_variable]: Unresolved text variable
    ; error
    @(90.805 mm, 100.33 mm): Hierarchical Label 'RE4'
[unresolved_variable]: Unresolved text variable
    ; error
    @(90.805 mm, 102.87 mm): Hierarchical Label 'RE5'
[unresolved_variable]: Unresolved text variable
    ; error
    @(90.805 mm, 34.29 mm): Hierarchical Label 'RA0'
[unresolved_variable]: Unresolved text variable
    ; error
    @(90.805 mm, 36.83 mm): Hierarchical Label 'RA1'
[unresolved_variable]: Unresolved text variable
    ; error
    @(90.805 mm, 44.45 mm): Hierarchical Label 'RA4'
[unresolved_variable]: Unresolved text variable
    ; error
    @(90.805 mm, 46.99 mm): Hierarchical Label 'RA5'
[unresolved_variable]: Unresolved text variable
    ; error
    @(90.805 mm, 49.53 mm): Hierarchical Label 'ra6'
[unresolved_variable]: Unresolved text variable
    ; error
    @(90.805 mm, 52.07 mm): Hierarchical Label 'ra7'
[unresolved_variable]: Unresolved text variable
    ; error
    @(90.805 mm, 54.61 mm): Hierarchical Label 'ra9'
[unresolved_variable]: Unresolved text variable
    ; error
    @(90.805 mm, 118.11 mm): Hierarchical Label 'rg0'
[unresolved_variable]: Unresolved text variable
    ; error
    @(90.805 mm, 120.65 mm): Hierarchical Label 'rg1'
[unresolved_variable]: Unresolved text variable
    ; error
    @(90.805 mm, 128.27 mm): Hierarchical Label 'rg6'
[unresolved_variable]: Unresolved text variable
    ; error
    @(90.805 mm, 130.81 mm): Hierarchical Label 'rg7'
[unresolved_variable]: Unresolved text variable
    ; error
    @(90.805 mm, 133.35 mm): Hierarchical Label 'rg8'
[unresolved_variable]: Unresolved text variable
    ; error
    @(90.805 mm, 135.89 mm): Hierarchical Label 'rg9'
[unresolved_variable]: Unresolved text variable
    ; error
    @(90.805 mm, 105.41 mm): Hierarchical Label 're6'
[unresolved_variable]: Unresolved text variable
    ; error
    @(90.805 mm, 107.95 mm): Hierarchical Label 're7'
[unresolved_variable]: Unresolved text variable
    ; error
    @(90.805 mm, 110.49 mm): Hierarchical Label 're8'
[unresolved_variable]: Unresolved text variable
    ; error
    @(90.805 mm, 113.03 mm): Hierarchical Label 're9'
[unresolved_variable]: Unresolved text variable
    ; error
    @(151.765 mm, 49.53 mm): Hierarchical Label 'AN8'
[unresolved_variable]: Unresolved text variable
    ; error
    @(151.765 mm, 52.07 mm): Hierarchical Label 'AN9'
[unresolved_variable]: Unresolved text variable
    ; error
    @(151.765 mm, 46.99 mm): Hierarchical Label 'RB0'
[unresolved_variable]: Unresolved text variable
    ; error
    @(151.765 mm, 54.61 mm): Hierarchical Label 'AN10'
[unresolved_variable]: Unresolved text variable
    ; error
    @(189.865 mm, 128.27 mm): Hierarchical Label 'rf0'
[unresolved_variable]: Unresolved text variable
    ; error
    @(189.865 mm, 130.81 mm): Hierarchical Label 'rf1'
[unresolved_variable]: Unresolved text variable
    ; error
    @(189.865 mm, 133.35 mm): Hierarchical Label 'rf2'
[unresolved_variable]: Unresolved text variable
    ; error
    @(189.865 mm, 135.89 mm): Hierarchical Label 'rf3'
[unresolved_variable]: Unresolved text variable
    ; error
    @(189.865 mm, 138.43 mm): Hierarchical Label 'rf4'
[unresolved_variable]: Unresolved text variable
    ; error
    @(189.865 mm, 140.97 mm): Hierarchical Label 'rf5'
[unresolved_variable]: Unresolved text variable
    ; error
    @(189.865 mm, 143.51 mm): Hierarchical Label 'rf8'
[unresolved_variable]: Unresolved text variable
    ; error
    @(189.865 mm, 62.23 mm): Hierarchical Label 'rb8'
[unresolved_variable]: Unresolved text variable
    ; error
    @(189.865 mm, 64.77 mm): Hierarchical Label 'rb9'
[unresolved_variable]: Unresolved text variable
    ; error
    @(189.865 mm, 105.41 mm): Hierarchical Label 'rd8'
[unresolved_variable]: Unresolved text variable
    ; error
    @(189.865 mm, 107.95 mm): Hierarchical Label 'rd9'
[unresolved_variable]: Unresolved text variable
    ; error
    @(189.865 mm, 57.15 mm): Hierarchical Label 'RB6'
[unresolved_variable]: Unresolved text variable
    ; error
    @(189.865 mm, 59.69 mm): Hierarchical Label 'RB7'
[unresolved_variable]: Unresolved text variable
    ; error
    @(189.865 mm, 85.09 mm): Hierarchical Label 'RD0'
[unresolved_variable]: Unresolved text variable
    ; error
    @(189.865 mm, 87.63 mm): Hierarchical Label 'RD1'
[unresolved_variable]: Unresolved text variable
    ; error
    @(189.865 mm, 90.17 mm): Hierarchical Label 'RD2'
[unresolved_variable]: Unresolved text variable
    ; error
    @(189.865 mm, 92.71 mm): Hierarchical Label 'RD3'
[unresolved_variable]: Unresolved text variable
    ; error
    @(189.865 mm, 95.25 mm): Hierarchical Label 'RD4'
[unresolved_variable]: Unresolved text variable
    ; error
    @(189.865 mm, 97.79 mm): Hierarchical Label 'RD5'
[unresolved_variable]: Unresolved text variable
    ; error
    @(189.865 mm, 100.33 mm): Hierarchical Label 'RD6'
[unresolved_variable]: Unresolved text variable
    ; error
    @(189.865 mm, 102.87 mm): Hierarchical Label 'RD7'
[unresolved_variable]: Unresolved text variable
    ; error
    @(189.865 mm, 41.91 mm): Hierarchical Label 'PGD'
[unresolved_variable]: Unresolved text variable
    ; error
    @(189.865 mm, 44.45 mm): Hierarchical Label 'PGC'
[unresolved_variable]: Unresolved text variable
    ; error
    @(189.865 mm, 146.05 mm): Hierarchical Label 'rf12'
[unresolved_variable]: Unresolved text variable
    ; error
    @(189.865 mm, 148.59 mm): Hierarchical Label 'rf13'
[unresolved_variable]: Unresolved text variable
    ; error
    @(189.865 mm, 36.83 mm): Hierarchical Label 'mclr'
[unresolved_variable]: Unresolved text variable
    ; error
    @(189.865 mm, 67.31 mm): Hierarchical Label 'rb10'
[unresolved_variable]: Unresolved text variable
    ; error
    @(189.865 mm, 69.85 mm): Hierarchical Label 'rb11'
[unresolved_variable]: Unresolved text variable
    ; error
    @(189.865 mm, 72.39 mm): Hierarchical Label 'rb12'
[unresolved_variable]: Unresolved text variable
    ; error
    @(189.865 mm, 74.93 mm): Hierarchical Label 'rb13'
[unresolved_variable]: Unresolved text variable
    ; error
    @(189.865 mm, 77.47 mm): Hierarchical Label 'rb14'
[unresolved_variable]: Unresolved text variable
    ; error
    @(189.865 mm, 80.01 mm): Hierarchical Label 'rb15'
[unresolved_variable]: Unresolved text variable
    ; error
    @(189.865 mm, 110.49 mm): Hierarchical Label 'rd10'
[unresolved_variable]: Unresolved text variable
    ; error
    @(189.865 mm, 113.03 mm): Hierarchical Label 'rd11'
[unresolved_variable]: Unresolved text variable
    ; error
    @(189.865 mm, 115.57 mm): Hierarchical Label 'rd12'
[unresolved_variable]: Unresolved text variable
    ; error
    @(189.865 mm, 118.11 mm): Hierarchical Label 'rd13'
[unresolved_variable]: Unresolved text variable
    ; error
    @(189.865 mm, 120.65 mm): Hierarchical Label 'rd14'
[unresolved_variable]: Unresolved text variable
    ; error
    @(189.865 mm, 123.19 mm): Hierarchical Label 'rd15'
[unresolved_variable]: Unresolved text variable
    ; error
    @(143.84 mm, 100.00 mm): Hierarchical Label 'SCL_2'
[unresolved_variable]: Unresolved text variable
    ; error
    @(157.556 mm, 104.191 mm): Hierarchical Label 'SDA_2'
[unresolved_variable]: Unresolved text variable
    ; error
    @(234.391 mm, 105.715 mm): Hierarchical Label 'SCL_1'
[unresolved_variable]: Unresolved text variable
    ; error
    @(234.391 mm, 108.255 mm): Hierarchical Label 'SDA_1'
[unresolved_variable]: Unresolved text variable
    ; error
    @(234.391 mm, 113.335 mm): Hierarchical Label 'DC_RPI'
[unresolved_variable]: Unresolved text variable
    ; error
    @(234.391 mm, 115.875 mm): Hierarchical Label 'BLK_RPI'
[unresolved_variable]: Unresolved text variable
    ; error
    @(234.391 mm, 110.795 mm): Hierarchical Label 'RES_RPI'
[unresolved_variable]: Unresolved text variable
    ; error
    @(112.37 mm, 109.677 mm): Hierarchical Label 'RC0'
[unresolved_variable]: Unresolved text variable
    ; error
    @(108.61 mm, 86.817 mm): Hierarchical Label 'VO'
[unresolved_variable]: Unresolved text variable
    ; error
    @(138.786 mm, 93.066 mm): Hierarchical Label 'VO'
[unresolved_variable]: Unresolved text variable
    ; error
    @(163.627 mm, 98.146 mm): Hierarchical Label 'RD3'
[unresolved_variable]: Unresolved text variable
    ; error
    @(163.678 mm, 93.066 mm): Hierarchical Label 'RD2'
[unresolved_variable]: Unresolved text variable
    ; error
    @(205.842 mm, 105.766 mm): Hierarchical Label 'RC1'
[unresolved_variable]: Unresolved text variable
    ; error
    @(206.096 mm, 110.846 mm): Hierarchical Label 'RE2'
[unresolved_variable]: Unresolved text variable
    ; error
    @(206.096 mm, 113.386 mm): Hierarchical Label 'RE1'
[unresolved_variable]: Unresolved text variable
    ; error
    @(140.335 mm, 72.517 mm): Hierarchical Label 'GPIO20'
[unresolved_variable]: Unresolved text variable
    ; error
    @(142.621 mm, 94.107 mm): Hierarchical Label 'GPIO21'
[unresolved_variable]: Unresolved text variable
    ; error
    @(144.272 mm, 105.537 mm): Hierarchical Label 'GPIO23'
[unresolved_variable]: Unresolved text variable
    ; error
    @(149.098 mm, 115.697 mm): Hierarchical Label 'GPIO22'
[unresolved_variable]: Unresolved text variable
    ; error
    @(199.517 mm, 73.66 mm): Hierarchical Label 'GPIO24'
[unresolved_variable]: Unresolved text variable
    ; error
    @(37.211 mm, 86.868 mm): Hierarchical Label 'RC6'
[unresolved_variable]: Unresolved text variable
    ; error
    @(48.514 mm, 90.678 mm): Hierarchical Label 'RC7'
[unresolved_variable]: Unresolved text variable
    ; error
    @(49.276 mm, 105.918 mm): Hierarchical Label 'RE0'
[unresolved_variable]: Unresolved text variable
    ; error
    @(93.98 mm, 119.507 mm): Hierarchical Label 'RE1'
[unresolved_variable]: Unresolved text variable
    ; error
    @(137.795 mm, 119.761 mm): Hierarchical Label 'RE2'
[unresolved_variable]: Unresolved text variable
    ; error
    @(188.341 mm, 118.618 mm): Hierarchical Label 'CS_4'
[unresolved_variable]: Unresolved text variable
    ; error
    @(88.138 mm, 57.658 mm): Hierarchical Label 'VREF+'
[unresolved_variable]: Unresolved text variable
    ; error
    @(88.138 mm, 108.458 mm): Hierarchical Label 'SDA_2'
[unresolved_variable]: Unresolved text variable
    ; error
    @(88.138 mm, 105.918 mm): Hierarchical Label 'SCL_2'
[unresolved_variable]: Unresolved text variable
    ; error
    @(88.138 mm, 80.518 mm): Hierarchical Label 'AN10'
[unresolved_variable]: Unresolved text variable
    ; error
    @(88.138 mm, 98.298 mm): Hierarchical Label 'AN11'
[unresolved_variable]: Unresolved text variable
    ; error
    @(88.138 mm, 47.498 mm): Hierarchical Label 'mclr'
[unresolved_variable]: Unresolved text variable
    ; error
    @(88.138 mm, 93.218 mm): Hierarchical Label 'RC0'
[unresolved_variable]: Unresolved text variable
    ; error
    @(88.138 mm, 95.758 mm): Hierarchical Label 'RC1'
[unresolved_variable]: Unresolved text variable
    ; error
    @(88.138 mm, 110.998 mm): Hierarchical Label 'RD2'
[unresolved_variable]: Unresolved text variable
    ; error
    @(88.138 mm, 113.538 mm): Hierarchical Label 'RD3'
[unresolved_variable]: Unresolved text variable
    ; error
    @(88.138 mm, 83.058 mm): Hierarchical Label 'AN8'
[unresolved_variable]: Unresolved text variable
    ; error
    @(88.138 mm, 85.598 mm): Hierarchical Label 'AN9'
[unresolved_variable]: Unresolved text variable
    ; error
    @(88.138 mm, 52.578 mm): Hierarchical Label 'RA1'
[unresolved_variable]: Unresolved text variable
    ; error
    @(194.818 mm, 67.818 mm): Hierarchical Label 'pgc'
[unresolved_variable]: Unresolved text variable
    ; error
    @(194.818 mm, 70.358 mm): Hierarchical Label 'pgd'
[unresolved_variable]: Unresolved text variable
    ; error
    @(200.66 mm, 105.918 mm): Hierarchical Label 'RD4'
[unresolved_variable]: Unresolved text variable
    ; error
    @(200.66 mm, 108.458 mm): Hierarchical Label 'RD5'
[unresolved_variable]: Unresolved text variable
    ; error
    @(200.66 mm, 110.998 mm): Hierarchical Label 'RD6'
[unresolved_variable]: Unresolved text variable
    ; error
    @(200.66 mm, 113.538 mm): Hierarchical Label 'RD7'
[unresolved_variable]: Unresolved text variable
    ; error
    @(198.374 mm, 42.418 mm): Hierarchical Label 'VDD_CORE'
[unresolved_variable]: Unresolved text variable
    ; error
    @(256.642 mm, 49.174 mm): Hierarchical Label 'mclr'
[unresolved_variable]: Unresolved text variable
    ; error
    @(262.153 mm, 56.794 mm): Hierarchical Label 'pgd'
[unresolved_variable]: Unresolved text variable
    ; error
    @(262.23 mm, 59.334 mm): Hierarchical Label 'pgc'
[unresolved_variable]: Unresolved text variable
    ; error
    @(150.495 mm, 90.043 mm): Hierarchical Label 'RD4'
[unresolved_variable]: Unresolved text variable
    ; error
    @(150.495 mm, 92.583 mm): Hierarchical Label 'RD5'
[unresolved_variable]: Unresolved text variable
    ; error
    @(150.495 mm, 95.123 mm): Hierarchical Label 'RD6'
[unresolved_variable]: Unresolved text variable
    ; error
    @(150.495 mm, 97.663 mm): Hierarchical Label 'RD7'
[unresolved_variable]: Unresolved text variable
    ; error
    @(46.609 mm, 152.146 mm): Hierarchical Label 'AN9'
[unresolved_variable]: Unresolved text variable
    ; error
    @(60.706 mm, 69.469 mm): Hierarchical Label 'AMPER'
[unresolved_variable]: Unresolved text variable
    ; error
    @(77.724 mm, 153.543 mm): Hierarchical Label 'AN10'
[unresolved_variable]: Unresolved text variable
    ; error
    @(143.002 mm, 75.057 mm): Hierarchical Label 'AN8'
[unresolved_variable]: Unresolved text variable
    ; error
    @(84.709 mm, 99.06 mm): Hierarchical Label 'SCL_1'
[unresolved_variable]: Unresolved text variable
    ; error
    @(84.709 mm, 101.60 mm): Hierarchical Label 'SDA_1'
[unresolved_variable]: Unresolved text variable
    ; error
    @(84.709 mm, 106.68 mm): Hierarchical Label 'DC_RPI'
[unresolved_variable]: Unresolved text variable
    ; error
    @(84.709 mm, 109.22 mm): Hierarchical Label 'BLK_RPI'
[unresolved_variable]: Unresolved text variable
    ; error
    @(84.709 mm, 104.14 mm): Hierarchical Label 'RES_RPI'
[unresolved_variable]: Unresolved text variable
    ; error
    @(128.524 mm, 97.663 mm): Hierarchical Label 'SCL_2'
[unresolved_variable]: Unresolved text variable
    ; error
    @(137.414 mm, 99.822 mm): Hierarchical Label 'SDA_2'
[endpoint_off_grid]: Symbol pin or wire end off connection grid
    ; warning
    @(32.385 mm, 54.61 mm): Symbol C1101 Pin 1 [Passive, Line]
[endpoint_off_grid]: Symbol pin or wire end off connection grid
    ; warning
    @(32.385 mm, 54.61 mm): Horizontal Wire, length 5.08 mm
[endpoint_off_grid]: Symbol pin or wire end off connection grid
    ; warning
    @(32.385 mm, 62.23 mm): Horizontal Wire, length 11.43 mm
[endpoint_off_grid]: Symbol pin or wire end off connection grid
    ; warning
    @(32.385 mm, 68.58 mm): Symbol C1102 Pin 1 [Passive, Line]
[endpoint_off_grid]: Symbol pin or wire end off connection grid
    ; warning
    @(32.385 mm, 68.58 mm): Symbol #PWR01101 Hidden pin 1 [+3.3V, Power input, Line]
[endpoint_off_grid]: Symbol pin or wire end off connection grid
    ; warning
    @(32.385 mm, 68.58 mm): Horizontal Wire, length 13.335 mm
[endpoint_off_grid]: Symbol pin or wire end off connection grid
    ; warning
    @(32.385 mm, 76.20 mm): Horizontal Wire, length 13.335 mm
[endpoint_off_grid]: Symbol pin or wire end off connection grid
    ; warning
    @(37.465 mm, 54.61 mm): Horizontal Wire, length 6.35 mm
[endpoint_off_grid]: Symbol pin or wire end off connection grid
    ; warning
    @(37.465 mm, 54.61 mm): Symbol #PWR01103 Hidden pin 1 [+3.3V, Power input, Line]
[endpoint_off_grid]: Symbol pin or wire end off connection grid
    ; warning
    @(43.815 mm, 54.61 mm): Horizontal Wire, length 11.43 mm
[endpoint_off_grid]: Symbol pin or wire end off connection grid
    ; warning
    @(43.815 mm, 54.61 mm): Symbol C1104 Pin 1 [Passive, Line]
[endpoint_off_grid]: Symbol pin or wire end off connection grid
    ; warning
    @(43.815 mm, 62.23 mm): Horizontal Wire, length 11.43 mm
[endpoint_off_grid]: Symbol pin or wire end off connection grid
    ; warning
    @(55.245 mm, 54.61 mm): Symbol C1107 Pin 1 [Passive, Line]
[endpoint_off_grid]: Symbol pin or wire end off connection grid
    ; warning
    @(55.245 mm, 62.23 mm): Symbol #PWR013 Hidden pin 1 [GND, Power input, Line]
[endpoint_off_grid]: Symbol pin or wire end off connection grid
    ; warning
    @(57.15 mm, 76.20 mm): Horizontal Wire, length 1.905 mm
[endpoint_off_grid]: Symbol pin or wire end off connection grid
    ; warning
    @(45.72 mm, 76.20 mm): Horizontal Wire, length 9.525 mm
[endpoint_off_grid]: Symbol pin or wire end off connection grid
    ; warning
    @(55.245 mm, 76.20 mm): Symbol #PWR012 Hidden pin 1 [GND, Power input, Line]
[isolated_pin_label]: Label connected to only one pin
    ; warning
    @(80.645 mm, 77.47 mm): Hierarchical Label 'osc1'
[isolated_pin_label]: Label connected to only one pin
    ; warning
    @(80.645 mm, 85.09 mm): Hierarchical Label 'osc2'
[endpoint_off_grid]: Symbol pin or wire end off connection grid
    ; warning
    @(80.772 mm, 151.003 mm): Horizontal Wire, length 10.16 mm
[endpoint_off_grid]: Symbol pin or wire end off connection grid
    ; warning
    @(81.915 mm, 123.19 mm): Horizontal Wire, length 8.89 mm
[isolated_pin_label]: Label connected to only one pin
    ; warning
    @(81.915 mm, 123.19 mm): Hierarchical Label 'rg2_d+'
[endpoint_off_grid]: Symbol pin or wire end off connection grid
    ; warning
    @(81.915 mm, 125.73 mm): Horizontal Wire, length 8.89 mm
[isolated_pin_label]: Label connected to only one pin
    ; warning
    @(81.915 mm, 125.73 mm): Hierarchical Label 'rg3_d-'
[isolated_pin_label]: Label connected to only one pin
    ; warning
    @(90.805 mm, 34.29 mm): Hierarchical Label 'RA0'
[isolated_pin_label]: Label connected to only one pin
    ; warning
    @(90.805 mm, 36.83 mm): Hierarchical Label 'RA1'
[isolated_pin_label]: Label connected to only one pin
    ; warning
    @(90.805 mm, 39.37 mm): Hierarchical Label 'VREF-'
[isolated_pin_label]: Label connected to only one pin
    ; warning
    @(90.805 mm, 41.91 mm): Hierarchical Label 'VREF+'
[isolated_pin_label]: Label connected to only one pin
    ; warning
    @(90.805 mm, 44.45 mm): Hierarchical Label 'RA4'
[isolated_pin_label]: Label connected to only one pin
    ; warning
    @(90.805 mm, 46.99 mm): Hierarchical Label 'RA5'
[isolated_pin_label]: Label connected to only one pin
    ; warning
    @(90.805 mm, 49.53 mm): Hierarchical Label 'ra6'
[isolated_pin_label]: Label connected to only one pin
    ; warning
    @(90.805 mm, 52.07 mm): Hierarchical Label 'ra7'
[isolated_pin_label]: Label connected to only one pin
    ; warning
    @(90.805 mm, 54.61 mm): Hierarchical Label 'ra9'
[isolated_pin_label]: Label connected to only one pin
    ; warning
    @(90.805 mm, 57.15 mm): Hierarchical Label 'ra10'
[isolated_pin_label]: Label connected to only one pin
    ; warning
    @(90.805 mm, 59.69 mm): Hierarchical Label 'ra14'
[isolated_pin_label]: Label connected to only one pin
    ; warning
    @(90.805 mm, 62.23 mm): Hierarchical Label 'ra15'
[isolated_pin_label]: Label connected to only one pin
    ; warning
    @(90.805 mm, 67.31 mm): Hierarchical Label 'RC1'
[isolated_pin_label]: Label connected to only one pin
    ; warning
    @(90.805 mm, 69.85 mm): Hierarchical Label 'RC2'
[isolated_pin_label]: Label connected to only one pin
    ; warning
    @(90.805 mm, 72.39 mm): Hierarchical Label 'RC3'
[isolated_pin_label]: Label connected to only one pin
    ; warning
    @(90.805 mm, 74.93 mm): Hierarchical Label 'RC4'
[endpoint_off_grid]: Symbol pin or wire end off connection grid
    ; warning
    @(90.805 mm, 77.47 mm): Horizontal Wire, length 10.16 mm
[isolated_pin_label]: Label connected to only one pin
    ; warning
    @(90.805 mm, 80.01 mm): Hierarchical Label 'rc13'
[isolated_pin_label]: Label connected to only one pin
    ; warning
    @(90.805 mm, 82.55 mm): Hierarchical Label 'rc14'
[endpoint_off_grid]: Symbol pin or wire end off connection grid
    ; warning
    @(90.805 mm, 85.09 mm): Horizontal Wire, length 10.16 mm
[isolated_pin_label]: Label connected to only one pin
    ; warning
    @(90.805 mm, 90.17 mm): Hierarchical Label 'RE0'
[isolated_pin_label]: Label connected to only one pin
    ; warning
    @(90.805 mm, 92.71 mm): Hierarchical Label 'RE1'
[isolated_pin_label]: Label connected to only one pin
    ; warning
    @(90.805 mm, 95.25 mm): Hierarchical Label 'RE2'
[isolated_pin_label]: Label connected to only one pin
    ; warning
    @(90.805 mm, 97.79 mm): Hierarchical Label 'RE3'
[isolated_pin_label]: Label connected to only one pin
    ; warning
    @(90.805 mm, 100.33 mm): Hierarchical Label 'RE4'
[isolated_pin_label]: Label connected to only one pin
    ; warning
    @(90.805 mm, 102.87 mm): Hierarchical Label 'RE5'
[isolated_pin_label]: Label connected to only one pin
    ; warning
    @(90.805 mm, 105.41 mm): Hierarchical Label 're6'
[isolated_pin_label]: Label connected to only one pin
    ; warning
    @(90.805 mm, 107.95 mm): Hierarchical Label 're7'
[isolated_pin_label]: Label connected to only one pin
    ; warning
    @(90.805 mm, 110.49 mm): Hierarchical Label 're8'
[isolated_pin_label]: Label connected to only one pin
    ; warning
    @(90.805 mm, 113.03 mm): Hierarchical Label 're9'
[isolated_pin_label]: Label connected to only one pin
    ; warning
    @(90.805 mm, 118.11 mm): Hierarchical Label 'rg0'
[isolated_pin_label]: Label connected to only one pin
    ; warning
    @(90.805 mm, 120.65 mm): Hierarchical Label 'rg1'
[isolated_pin_label]: Label connected to only one pin
    ; warning
    @(90.805 mm, 128.27 mm): Hierarchical Label 'rg6'
[isolated_pin_label]: Label connected to only one pin
    ; warning
    @(90.805 mm, 130.81 mm): Hierarchical Label 'rg7'
[isolated_pin_label]: Label connected to only one pin
    ; warning
    @(90.805 mm, 133.35 mm): Hierarchical Label 'rg8'
[isolated_pin_label]: Label connected to only one pin
    ; warning
    @(90.805 mm, 135.89 mm): Hierarchical Label 'rg9'
[isolated_pin_label]: Label connected to only one pin
    ; warning
    @(90.805 mm, 138.43 mm): Hierarchical Label 'rg12'
[isolated_pin_label]: Label connected to only one pin
    ; warning
    @(90.805 mm, 140.97 mm): Hierarchical Label 'rg13'
[isolated_pin_label]: Label connected to only one pin
    ; warning
    @(90.805 mm, 143.51 mm): Hierarchical Label 'rg14'
[endpoint_off_grid]: Symbol pin or wire end off connection grid
    ; warning
    @(90.805 mm, 146.05 mm): Symbol U1101 Pin 1 [RG15, Bidirectional, Line]
[isolated_pin_label]: Label connected to only one pin
    ; warning
    @(90.805 mm, 146.05 mm): Hierarchical Label 'rg15'
[unconnected_wire_endpoint]: Unconnected wire endpoint
    ; warning
    @(80.772 mm, 151.003 mm): Horizontal Wire, length 10.16 mm
[endpoint_off_grid]: Symbol pin or wire end off connection grid
    ; warning
    @(94.615 mm, 21.59 mm): Symbol #PWR01104 Hidden pin 1 [+3.3V, Power input, Line]
[endpoint_off_grid]: Symbol pin or wire end off connection grid
    ; warning
    @(94.615 mm, 21.59 mm): Vertical Wire, length 5.08 mm
[endpoint_off_grid]: Symbol pin or wire end off connection grid
    ; warning
    @(94.615 mm, 26.67 mm): Horizontal Wire, length 13.97 mm
[endpoint_off_grid]: Symbol pin or wire end off connection grid
    ; warning
    @(104.902 mm, 158.623 mm): Horizontal Wire, length 19.05 mm
[endpoint_off_grid]: Symbol pin or wire end off connection grid
    ; warning
    @(104.902 mm, 158.623 mm): Vertical Wire, length 10.16 mm
[endpoint_off_grid]: Symbol pin or wire end off connection grid
    ; warning
    @(104.902 mm, 168.783 mm): Symbol #PWR01105 Hidden pin 1 [GND, Power input, Line]
[endpoint_off_grid]: Symbol pin or wire end off connection grid
    ; warning
    @(108.585 mm, 26.67 mm): Horizontal Wire, length 2.54 mm
[endpoint_off_grid]: Symbol pin or wire end off connection grid
    ; warning
    @(111.125 mm, 26.67 mm): Horizontal Wire, length 2.54 mm
[endpoint_off_grid]: Symbol pin or wire end off connection grid
    ; warning
    @(113.665 mm, 26.67 mm): Horizontal Wire, length 2.54 mm
[endpoint_off_grid]: Symbol pin or wire end off connection grid
    ; warning
    @(116.205 mm, 26.67 mm): Horizontal Wire, length 2.54 mm
[endpoint_off_grid]: Symbol pin or wire end off connection grid
    ; warning
    @(118.745 mm, 26.67 mm): Horizontal Wire, length 2.54 mm
[endpoint_off_grid]: Symbol pin or wire end off connection grid
    ; warning
    @(121.285 mm, 26.67 mm): Horizontal Wire, length 2.54 mm
[footprint_link_issues]: Footprint 'PIM100' not found in library 'Connector'
    ; warning
    @(121.285 mm, 92.71 mm): Symbol U1101 [PIC32MX795F512L-80x-PF]
[endpoint_off_grid]: Symbol pin or wire end off connection grid
    ; warning
    @(123.825 mm, 26.67 mm): Horizontal Wire, length 2.54 mm
[unconnected_wire_endpoint]: Unconnected wire endpoint
    ; warning
    @(104.902 mm, 158.623 mm): Horizontal Wire, length 19.05 mm
[endpoint_off_grid]: Symbol pin or wire end off connection grid
    ; warning
    @(126.365 mm, 26.67 mm): Horizontal Wire, length 5.08 mm
[endpoint_off_grid]: Symbol pin or wire end off connection grid
    ; warning
    @(151.765 mm, 36.83 mm): Horizontal Wire, length 38.10 mm
[endpoint_off_grid]: Symbol pin or wire end off connection grid
    ; warning
    @(151.765 mm, 41.91 mm): Horizontal Wire, length 38.10 mm
[endpoint_off_grid]: Symbol pin or wire end off connection grid
    ; warning
    @(151.765 mm, 44.45 mm): Horizontal Wire, length 38.10 mm
[isolated_pin_label]: Label connected to only one pin
    ; warning
    @(151.765 mm, 46.99 mm): Hierarchical Label 'RB0'
[isolated_pin_label]: Label connected to only one pin
    ; warning
    @(151.765 mm, 49.53 mm): Hierarchical Label 'AN8'
[isolated_pin_label]: Label connected to only one pin
    ; warning
    @(151.765 mm, 52.07 mm): Hierarchical Label 'AN9'
[isolated_pin_label]: Label connected to only one pin
    ; warning
    @(151.765 mm, 54.61 mm): Hierarchical Label 'AN10'
[endpoint_off_grid]: Symbol pin or wire end off connection grid
    ; warning
    @(151.765 mm, 57.15 mm): Horizontal Wire, length 38.10 mm
[endpoint_off_grid]: Symbol pin or wire end off connection grid
    ; warning
    @(151.765 mm, 59.69 mm): Horizontal Wire, length 38.10 mm
[endpoint_off_grid]: Symbol pin or wire end off connection grid
    ; warning
    @(151.765 mm, 62.23 mm): Horizontal Wire, length 38.10 mm
[endpoint_off_grid]: Symbol pin or wire end off connection grid
    ; warning
    @(151.765 mm, 64.77 mm): Horizontal Wire, length 38.10 mm
[endpoint_off_grid]: Symbol pin or wire end off connection grid
    ; warning
    @(151.765 mm, 67.31 mm): Horizontal Wire, length 38.10 mm
[endpoint_off_grid]: Symbol pin or wire end off connection grid
    ; warning
    @(151.765 mm, 69.85 mm): Horizontal Wire, length 38.10 mm
[endpoint_off_grid]: Symbol pin or wire end off connection grid
    ; warning
    @(151.765 mm, 72.39 mm): Horizontal Wire, length 38.10 mm
[endpoint_off_grid]: Symbol pin or wire end off connection grid
    ; warning
    @(151.765 mm, 74.93 mm): Horizontal Wire, length 38.10 mm
[endpoint_off_grid]: Symbol pin or wire end off connection grid
    ; warning
    @(151.765 mm, 77.47 mm): Horizontal Wire, length 38.10 mm
[endpoint_off_grid]: Symbol pin or wire end off connection grid
    ; warning
    @(151.765 mm, 80.01 mm): Horizontal Wire, length 38.10 mm
[endpoint_off_grid]: Symbol pin or wire end off connection grid
    ; warning
    @(151.765 mm, 85.09 mm): Horizontal Wire, length 38.10 mm
[endpoint_off_grid]: Symbol pin or wire end off connection grid
    ; warning
    @(151.765 mm, 87.63 mm): Horizontal Wire, length 38.10 mm
[endpoint_off_grid]: Symbol pin or wire end off connection grid
    ; warning
    @(151.765 mm, 90.17 mm): Horizontal Wire, length 38.10 mm
[endpoint_off_grid]: Symbol pin or wire end off connection grid
    ; warning
    @(151.765 mm, 92.71 mm): Horizontal Wire, length 38.10 mm
[endpoint_off_grid]: Symbol pin or wire end off connection grid
    ; warning
    @(151.765 mm, 95.25 mm): Horizontal Wire, length 38.10 mm
[endpoint_off_grid]: Symbol pin or wire end off connection grid
    ; warning
    @(151.765 mm, 97.79 mm): Horizontal Wire, length 38.10 mm
[endpoint_off_grid]: Symbol pin or wire end off connection grid
    ; warning
    @(151.765 mm, 100.33 mm): Horizontal Wire, length 38.10 mm
[endpoint_off_grid]: Symbol pin or wire end off connection grid
    ; warning
    @(151.765 mm, 102.87 mm): Horizontal Wire, length 38.10 mm
[endpoint_off_grid]: Symbol pin or wire end off connection grid
    ; warning
    @(151.765 mm, 105.41 mm): Horizontal Wire, length 38.10 mm
[endpoint_off_grid]: Symbol pin or wire end off connection grid
    ; warning
    @(151.765 mm, 107.95 mm): Horizontal Wire, length 38.10 mm
[endpoint_off_grid]: Symbol pin or wire end off connection grid
    ; warning
    @(151.765 mm, 110.49 mm): Horizontal Wire, length 38.10 mm
[endpoint_off_grid]: Symbol pin or wire end off connection grid
    ; warning
    @(151.765 mm, 113.03 mm): Horizontal Wire, length 38.10 mm
[endpoint_off_grid]: Symbol pin or wire end off connection grid
    ; warning
    @(151.765 mm, 115.57 mm): Horizontal Wire, length 38.10 mm
[endpoint_off_grid]: Symbol pin or wire end off connection grid
    ; warning
    @(151.765 mm, 118.11 mm): Horizontal Wire, length 38.10 mm
[endpoint_off_grid]: Symbol pin or wire end off connection grid
    ; warning
    @(151.765 mm, 120.65 mm): Horizontal Wire, length 38.10 mm
[endpoint_off_grid]: Symbol pin or wire end off connection grid
    ; warning
    @(151.765 mm, 123.19 mm): Horizontal Wire, length 38.10 mm
[endpoint_off_grid]: Symbol pin or wire end off connection grid
    ; warning
    @(151.765 mm, 128.27 mm): Horizontal Wire, length 38.10 mm
[endpoint_off_grid]: Symbol pin or wire end off connection grid
    ; warning
    @(151.765 mm, 130.81 mm): Horizontal Wire, length 38.10 mm
[endpoint_off_grid]: Symbol pin or wire end off connection grid
    ; warning
    @(165.608 mm, 148.59 mm): Horizontal Wire, length 13.843 mm
[endpoint_off_grid]: Symbol pin or wire end off connection grid
    ; warning
    @(165.608 mm, 148.717 mm): Vertical Wire, length 0.127 mm
[endpoint_off_grid]: Symbol pin or wire end off connection grid
    ; warning
    @(166.243 mm, 146.05 mm): Horizontal Wire, length 14.478 mm
[endpoint_off_grid]: Symbol pin or wire end off connection grid
    ; warning
    @(166.243 mm, 146.177 mm): Vertical Wire, length 0.127 mm
[endpoint_off_grid]: Symbol pin or wire end off connection grid
    ; warning
    @(166.878 mm, 143.51 mm): Horizontal Wire, length 15.113 mm
[endpoint_off_grid]: Symbol pin or wire end off connection grid
    ; warning
    @(166.878 mm, 143.637 mm): Vertical Wire, length 0.127 mm
[endpoint_off_grid]: Symbol pin or wire end off connection grid
    ; warning
    @(167.513 mm, 140.97 mm): Horizontal Wire, length 15.748 mm
[endpoint_off_grid]: Symbol pin or wire end off connection grid
    ; warning
    @(167.513 mm, 141.097 mm): Vertical Wire, length 0.127 mm
[endpoint_off_grid]: Symbol pin or wire end off connection grid
    ; warning
    @(168.148 mm, 138.43 mm): Horizontal Wire, length 16.383 mm
[endpoint_off_grid]: Symbol pin or wire end off connection grid
    ; warning
    @(168.148 mm, 138.557 mm): Vertical Wire, length 0.127 mm
[endpoint_off_grid]: Symbol pin or wire end off connection grid
    ; warning
    @(168.783 mm, 135.89 mm): Horizontal Wire, length 17.018 mm
[endpoint_off_grid]: Symbol pin or wire end off connection grid
    ; warning
    @(168.783 mm, 136.017 mm): Vertical Wire, length 0.127 mm
[endpoint_off_grid]: Symbol pin or wire end off connection grid
    ; warning
    @(169.418 mm, 133.35 mm): Horizontal Wire, length 17.653 mm
[endpoint_off_grid]: Symbol pin or wire end off connection grid
    ; warning
    @(169.418 mm, 133.477 mm): Vertical Wire, length 0.127 mm
[endpoint_off_grid]: Symbol pin or wire end off connection grid
    ; warning
    @(170.053 mm, 133.35 mm): Horizontal Wire, length 19.812 mm
[endpoint_off_grid]: Symbol pin or wire end off connection grid
    ; warning
    @(170.053 mm, 133.477 mm): Horizontal Wire, length 0.635 mm
[endpoint_off_grid]: Symbol pin or wire end off connection grid
    ; warning
    @(170.053 mm, 133.477 mm): Vertical Wire, length 0.127 mm
[endpoint_off_grid]: Symbol pin or wire end off connection grid
    ; warning
    @(170.053 mm, 135.89 mm): Horizontal Wire, length 19.812 mm
[endpoint_off_grid]: Symbol pin or wire end off connection grid
    ; warning
    @(170.053 mm, 136.017 mm): Vertical Wire, length 0.127 mm
[endpoint_off_grid]: Symbol pin or wire end off connection grid
    ; warning
    @(170.053 mm, 136.017 mm): Horizontal Wire, length 1.27 mm
[endpoint_off_grid]: Symbol pin or wire end off connection grid
    ; warning
    @(170.053 mm, 138.43 mm): Horizontal Wire, length 19.812 mm
[endpoint_off_grid]: Symbol pin or wire end off connection grid
    ; warning
    @(170.053 mm, 138.557 mm): Horizontal Wire, length 1.905 mm
[endpoint_off_grid]: Symbol pin or wire end off connection grid
    ; warning
    @(170.053 mm, 138.557 mm): Vertical Wire, length 0.127 mm
[endpoint_off_grid]: Symbol pin or wire end off connection grid
    ; warning
    @(170.053 mm, 140.97 mm): Horizontal Wire, length 19.812 mm
[endpoint_off_grid]: Symbol pin or wire end off connection grid
    ; warning
    @(170.053 mm, 141.097 mm): Horizontal Wire, length 2.54 mm
[endpoint_off_grid]: Symbol pin or wire end off connection grid
    ; warning
    @(170.053 mm, 141.097 mm): Vertical Wire, length 0.127 mm
[endpoint_off_grid]: Symbol pin or wire end off connection grid
    ; warning
    @(170.053 mm, 143.51 mm): Horizontal Wire, length 19.812 mm
[endpoint_off_grid]: Symbol pin or wire end off connection grid
    ; warning
    @(170.053 mm, 143.637 mm): Vertical Wire, length 0.127 mm
[endpoint_off_grid]: Symbol pin or wire end off connection grid
    ; warning
    @(170.053 mm, 143.637 mm): Horizontal Wire, length 3.175 mm
[endpoint_off_grid]: Symbol pin or wire end off connection grid
    ; warning
    @(170.053 mm, 146.05 mm): Horizontal Wire, length 19.812 mm
[endpoint_off_grid]: Symbol pin or wire end off connection grid
    ; warning
    @(170.053 mm, 146.177 mm): Horizontal Wire, length 3.81 mm
[endpoint_off_grid]: Symbol pin or wire end off connection grid
    ; warning
    @(170.053 mm, 146.177 mm): Vertical Wire, length 0.127 mm
[endpoint_off_grid]: Symbol pin or wire end off connection grid
    ; warning
    @(170.053 mm, 148.59 mm): Horizontal Wire, length 19.812 mm
[endpoint_off_grid]: Symbol pin or wire end off connection grid
    ; warning
    @(170.053 mm, 148.717 mm): Horizontal Wire, length 4.445 mm
[endpoint_off_grid]: Symbol pin or wire end off connection grid
    ; warning
    @(170.053 mm, 148.717 mm): Vertical Wire, length 0.127 mm
[isolated_pin_label]: Label connected to only one pin
    ; warning
    @(189.865 mm, 36.83 mm): Hierarchical Label 'mclr'
[isolated_pin_label]: Label connected to only one pin
    ; warning
    @(189.865 mm, 41.91 mm): Hierarchical Label 'PGD'
[isolated_pin_label]: Label connected to only one pin
    ; warning
    @(189.865 mm, 44.45 mm): Hierarchical Label 'PGC'
[isolated_pin_label]: Label connected to only one pin
    ; warning
    @(189.865 mm, 57.15 mm): Hierarchical Label 'RB6'
[isolated_pin_label]: Label connected to only one pin
    ; warning
    @(189.865 mm, 59.69 mm): Hierarchical Label 'RB7'
[isolated_pin_label]: Label connected to only one pin
    ; warning
    @(189.865 mm, 62.23 mm): Hierarchical Label 'rb8'
[isolated_pin_label]: Label connected to only one pin
    ; warning
    @(189.865 mm, 64.77 mm): Hierarchical Label 'rb9'
[isolated_pin_label]: Label connected to only one pin
    ; warning
    @(189.865 mm, 67.31 mm): Hierarchical Label 'rb10'
[isolated_pin_label]: Label connected to only one pin
    ; warning
    @(189.865 mm, 69.85 mm): Hierarchical Label 'rb11'
[isolated_pin_label]: Label connected to only one pin
    ; warning
    @(189.865 mm, 72.39 mm): Hierarchical Label 'rb12'
[isolated_pin_label]: Label connected to only one pin
    ; warning
    @(189.865 mm, 74.93 mm): Hierarchical Label 'rb13'
[isolated_pin_label]: Label connected to only one pin
    ; warning
    @(189.865 mm, 77.47 mm): Hierarchical Label 'rb14'
[isolated_pin_label]: Label connected to only one pin
    ; warning
    @(189.865 mm, 80.01 mm): Hierarchical Label 'rb15'
[isolated_pin_label]: Label connected to only one pin
    ; warning
    @(189.865 mm, 85.09 mm): Hierarchical Label 'RD0'
[isolated_pin_label]: Label connected to only one pin
    ; warning
    @(189.865 mm, 87.63 mm): Hierarchical Label 'RD1'
[isolated_pin_label]: Label connected to only one pin
    ; warning
    @(189.865 mm, 90.17 mm): Hierarchical Label 'RD2'
[isolated_pin_label]: Label connected to only one pin
    ; warning
    @(189.865 mm, 92.71 mm): Hierarchical Label 'RD3'
[isolated_pin_label]: Label connected to only one pin
    ; warning
    @(189.865 mm, 95.25 mm): Hierarchical Label 'RD4'
[isolated_pin_label]: Label connected to only one pin
    ; warning
    @(189.865 mm, 97.79 mm): Hierarchical Label 'RD5'
[isolated_pin_label]: Label connected to only one pin
    ; warning
    @(189.865 mm, 100.33 mm): Hierarchical Label 'RD6'
[isolated_pin_label]: Label connected to only one pin
    ; warning
    @(189.865 mm, 102.87 mm): Hierarchical Label 'RD7'
[isolated_pin_label]: Label connected to only one pin
    ; warning
    @(189.865 mm, 105.41 mm): Hierarchical Label 'rd8'
[isolated_pin_label]: Label connected to only one pin
    ; warning
    @(189.865 mm, 107.95 mm): Hierarchical Label 'rd9'
[isolated_pin_label]: Label connected to only one pin
    ; warning
    @(189.865 mm, 110.49 mm): Hierarchical Label 'rd10'
[isolated_pin_label]: Label connected to only one pin
    ; warning
    @(189.865 mm, 113.03 mm): Hierarchical Label 'rd11'
[isolated_pin_label]: Label connected to only one pin
    ; warning
    @(189.865 mm, 115.57 mm): Hierarchical Label 'rd12'
[isolated_pin_label]: Label connected to only one pin
    ; warning
    @(189.865 mm, 118.11 mm): Hierarchical Label 'rd13'
[isolated_pin_label]: Label connected to only one pin
    ; warning
    @(189.865 mm, 120.65 mm): Hierarchical Label 'rd14'
[isolated_pin_label]: Label connected to only one pin
    ; warning
    @(189.865 mm, 123.19 mm): Hierarchical Label 'rd15'
[isolated_pin_label]: Label connected to only one pin
    ; warning
    @(189.865 mm, 128.27 mm): Hierarchical Label 'rf0'
[isolated_pin_label]: Label connected to only one pin
    ; warning
    @(189.865 mm, 130.81 mm): Hierarchical Label 'rf1'
[isolated_pin_label]: Label connected to only one pin
    ; warning
    @(189.865 mm, 133.35 mm): Hierarchical Label 'rf2'
[isolated_pin_label]: Label connected to only one pin
    ; warning
    @(189.865 mm, 135.89 mm): Hierarchical Label 'rf3'
[isolated_pin_label]: Label connected to only one pin
    ; warning
    @(189.865 mm, 138.43 mm): Hierarchical Label 'rf4'
[isolated_pin_label]: Label connected to only one pin
    ; warning
    @(189.865 mm, 140.97 mm): Hierarchical Label 'rf5'
[isolated_pin_label]: Label connected to only one pin
    ; warning
    @(189.865 mm, 143.51 mm): Hierarchical Label 'rf8'
[isolated_pin_label]: Label connected to only one pin
    ; warning
    @(189.865 mm, 146.05 mm): Hierarchical Label 'rf12'
[isolated_pin_label]: Label connected to only one pin
    ; warning
    @(189.865 mm, 148.59 mm): Hierarchical Label 'rf13'
[endpoint_off_grid]: Symbol pin or wire end off connection grid
    ; warning
    @(143.84 mm, 100.00 mm): Horizontal Wire, length 2.921 mm
[endpoint_off_grid]: Symbol pin or wire end off connection grid
    ; warning
    @(146.761 mm, 99.873 mm): Vertical Wire, length 0.127 mm
[unconnected_wire_endpoint]: Unconnected wire endpoint
    ; warning
    @(146.761 mm, 99.873 mm): Vertical Wire, length 0.127 mm
[endpoint_off_grid]: Symbol pin or wire end off connection grid
    ; warning
    @(146.761 mm, 100.00 mm): Vertical Wire, length 11.938 mm
[endpoint_off_grid]: Symbol pin or wire end off connection grid
    ; warning
    @(146.761 mm, 100.00 mm): Horizontal Wire, length 2.794 mm
[endpoint_off_grid]: Symbol pin or wire end off connection grid
    ; warning
    @(146.761 mm, 111.938 mm): Horizontal Wire, length 0.127 mm
[endpoint_off_grid]: Symbol pin or wire end off connection grid
    ; warning
    @(146.888 mm, 111.938 mm): Vertical Wire, length 0.127 mm
[endpoint_off_grid]: Symbol pin or wire end off connection grid
    ; warning
    @(146.888 mm, 112.065 mm): Horizontal Wire, length 34.417 mm
[endpoint_off_grid]: Symbol pin or wire end off connection grid
    ; warning
    @(149.555 mm, 77.775 mm): Horizontal Wire, length 8.89 mm
[endpoint_off_grid]: Symbol pin or wire end off connection grid
    ; warning
    @(149.555 mm, 87.935 mm): Symbol R301 Pin 1 [Passive, Line]
[endpoint_off_grid]: Symbol pin or wire end off connection grid
    ; warning
    @(149.555 mm, 87.935 mm): Vertical Wire, length 10.16 mm
[endpoint_off_grid]: Symbol pin or wire end off connection grid
    ; warning
    @(149.555 mm, 95.555 mm): Vertical Wire, length 4.445 mm
[endpoint_off_grid]: Symbol pin or wire end off connection grid
    ; warning
    @(157.556 mm, 104.191 mm): Horizontal Wire, length 0.889 mm
[endpoint_off_grid]: Symbol pin or wire end off connection grid
    ; warning
    @(158.445 mm, 77.775 mm): Vertical Wire, length 10.16 mm
[endpoint_off_grid]: Symbol pin or wire end off connection grid
    ; warning
    @(158.445 mm, 77.775 mm): Symbol #PWR0301 Hidden pin 1 [+3.3V, Power input, Line]
[endpoint_off_grid]: Symbol pin or wire end off connection grid
    ; warning
    @(158.445 mm, 87.935 mm): Symbol R302 Pin 1 [Passive, Line]
[endpoint_off_grid]: Symbol pin or wire end off connection grid
    ; warning
    @(158.445 mm, 95.555 mm): Vertical Wire, length 8.636 mm
[endpoint_off_grid]: Symbol pin or wire end off connection grid
    ; warning
    @(158.445 mm, 104.191 mm): Vertical Wire, length 2.794 mm
[endpoint_off_grid]: Symbol pin or wire end off connection grid
    ; warning
    @(158.445 mm, 106.985 mm): Horizontal Wire, length 22.86 mm
[endpoint_off_grid]: Symbol pin or wire end off connection grid
    ; warning
    @(163.525 mm, 99.365 mm): Vertical Wire, length 5.08 mm
[endpoint_off_grid]: Symbol pin or wire end off connection grid
    ; warning
    @(163.525 mm, 99.365 mm): Symbol #PWR0302 Hidden pin 1 [+5F, Power input, Line]
[endpoint_off_grid]: Symbol pin or wire end off connection grid
    ; warning
    @(163.525 mm, 104.445 mm): Vertical Wire, length 5.08 mm
[endpoint_off_grid]: Symbol pin or wire end off connection grid
    ; warning
    @(163.525 mm, 104.445 mm): Horizontal Wire, length 17.78 mm
[endpoint_off_grid]: Symbol pin or wire end off connection grid
    ; warning
    @(163.525 mm, 109.525 mm): Horizontal Wire, length 17.78 mm
[endpoint_off_grid]: Symbol pin or wire end off connection grid
    ; warning
    @(174.955 mm, 90.475 mm): Symbol #PWR0303 Hidden pin 1 [+3.3V, Power input, Line]
[endpoint_off_grid]: Symbol pin or wire end off connection grid
    ; warning
    @(174.955 mm, 90.475 mm): Vertical Wire, length 11.43 mm
[endpoint_off_grid]: Symbol pin or wire end off connection grid
    ; warning
    @(174.955 mm, 101.905 mm): Horizontal Wire, length 6.35 mm
[endpoint_off_grid]: Symbol pin or wire end off connection grid
    ; warning
    @(174.955 mm, 114.605 mm): Horizontal Wire, length 6.35 mm
[endpoint_off_grid]: Symbol pin or wire end off connection grid
    ; warning
    @(174.955 mm, 120.955 mm): Symbol #PWR0304 Hidden pin 1 [GND, Power input, Line]
[endpoint_off_grid]: Symbol pin or wire end off connection grid
    ; warning
    @(174.955 mm, 120.955 mm): Vertical Wire, length 6.35 mm
[endpoint_off_grid]: Symbol pin or wire end off connection grid
    ; warning
    @(181.305 mm, 101.905 mm): Symbol J301 Pin 1 [Pin_1, Passive, Line]
[footprint_link_issues]: Footprint 'Adafruit_SSD1306_No_Mounting_Holes_pads' not found in library 'Display'
    ; warning
    @(217.881 mm, 108.255 mm): Symbol J302 [Conn_01x07_Pin]
[endpoint_off_grid]: Symbol pin or wire end off connection grid
    ; warning
    @(222.961 mm, 100.635 mm): Symbol J302 Pin 1 [Pin_1, Passive, Line]
[endpoint_off_grid]: Symbol pin or wire end off connection grid
    ; warning
    @(222.961 mm, 103.175 mm): Horizontal Wire, length 27.94 mm
[endpoint_off_grid]: Symbol pin or wire end off connection grid
    ; warning
    @(234.391 mm, 105.715 mm): Horizontal Wire, length 11.43 mm
[isolated_pin_label]: Label connected to only one pin
    ; warning
    @(234.391 mm, 105.715 mm): Hierarchical Label 'SCL_1'
[endpoint_off_grid]: Symbol pin or wire end off connection grid
    ; warning
    @(234.391 mm, 108.255 mm): Horizontal Wire, length 11.43 mm
[isolated_pin_label]: Label connected to only one pin
    ; warning
    @(234.391 mm, 108.255 mm): Hierarchical Label 'SDA_1'
[endpoint_off_grid]: Symbol pin or wire end off connection grid
    ; warning
    @(234.391 mm, 110.795 mm): Horizontal Wire, length 11.43 mm
[isolated_pin_label]: Label connected to only one pin
    ; warning
    @(234.391 mm, 110.795 mm): Hierarchical Label 'RES_RPI'
[endpoint_off_grid]: Symbol pin or wire end off connection grid
    ; warning
    @(234.391 mm, 113.335 mm): Horizontal Wire, length 11.43 mm
[isolated_pin_label]: Label connected to only one pin
    ; warning
    @(234.391 mm, 113.335 mm): Hierarchical Label 'DC_RPI'
[endpoint_off_grid]: Symbol pin or wire end off connection grid
    ; warning
    @(234.391 mm, 115.875 mm): Horizontal Wire, length 11.43 mm
[isolated_pin_label]: Label connected to only one pin
    ; warning
    @(234.391 mm, 115.875 mm): Hierarchical Label 'BLK_RPI'
[endpoint_off_grid]: Symbol pin or wire end off connection grid
    ; warning
    @(242.773 mm, 100.635 mm): Symbol #PWR0305 Hidden pin 1 [GND, Power input, Line]
[endpoint_off_grid]: Symbol pin or wire end off connection grid
    ; warning
    @(242.773 mm, 100.635 mm): Horizontal Wire, length 19.812 mm
[endpoint_off_grid]: Symbol pin or wire end off connection grid
    ; warning
    @(250.901 mm, 90.602 mm): Symbol #PWR0306 Hidden pin 1 [+3.3V, Power input, Line]
[endpoint_off_grid]: Symbol pin or wire end off connection grid
    ; warning
    @(250.901 mm, 103.175 mm): Vertical Wire, length 12.573 mm
[endpoint_off_grid]: Symbol pin or wire end off connection grid
    ; warning
    @(93.523 mm, 75.387 mm): Symbol #PWR010 Hidden pin 1 [+5F, Power input, Line]
[endpoint_off_grid]: Symbol pin or wire end off connection grid
    ; warning
    @(93.523 mm, 75.387 mm): Symbol R3 Pin 1 [Passive, Line]
[endpoint_off_grid]: Symbol pin or wire end off connection grid
    ; warning
    @(93.523 mm, 83.007 mm): Symbol RV1 Pin 1 [1, Passive, Line]
[lib_symbol_mismatch]: Symbol 'R_Potentiometer_Trim' doesn't match copy in library 'Device'
    ; warning
    @(93.523 mm, 86.817 mm): Symbol RV1 [R_Potentiometer_Trim]
[endpoint_off_grid]: Symbol pin or wire end off connection grid
    ; warning
    @(93.523 mm, 90.627 mm): Symbol R4 Pin 1 [Passive, Line]
[endpoint_off_grid]: Symbol pin or wire end off connection grid
    ; warning
    @(93.523 mm, 98.247 mm): Symbol #PWR09 Hidden pin 1 [GND, Power input, Line]
[endpoint_off_grid]: Symbol pin or wire end off connection grid
    ; warning
    @(99.162 mm, 86.817 mm): Horizontal Wire, length 1.829 mm
[endpoint_off_grid]: Symbol pin or wire end off connection grid
    ; warning
    @(99.162 mm, 86.817 mm): Symbol R5 Pin 1 [Passive, Line]
[endpoint_off_grid]: Symbol pin or wire end off connection grid
    ; warning
    @(108.61 mm, 86.817 mm): Horizontal Wire, length 1.829 mm
[isolated_pin_label]: Label connected to only one pin
    ; warning
    @(112.37 mm, 109.677 mm): Hierarchical Label 'RC0'
[endpoint_off_grid]: Symbol pin or wire end off connection grid
    ; warning
    @(114.808 mm, 109.677 mm): Horizontal Wire, length 2.438 mm
[endpoint_off_grid]: Symbol pin or wire end off connection grid
    ; warning
    @(114.808 mm, 109.677 mm): Symbol R2 Pin 1 [Passive, Line]
[endpoint_off_grid]: Symbol pin or wire end off connection grid
    ; warning
    @(125.019 mm, 109.677 mm): Symbol Q1 Pin 1 [B, Input, Line]
[endpoint_off_grid]: Symbol pin or wire end off connection grid
    ; warning
    @(125.019 mm, 109.677 mm): Horizontal Wire, length 2.591 mm
[lib_symbol_issues]: Symbol 'Q_NPN_BCE' not found in symbol library 'Device'
    ; warning
    @(130.099 mm, 109.677 mm): Symbol Q1 [Q_NPN_BCE]
[endpoint_off_grid]: Symbol pin or wire end off connection grid
    ; warning
    @(131.115 mm, 87.579 mm): Symbol #PWR05 Hidden pin 1 [+5F, Power input, Line]
[endpoint_off_grid]: Symbol pin or wire end off connection grid
    ; warning
    @(131.115 mm, 89.713 mm): Symbol R1 Pin 1 [Passive, Line]
[endpoint_off_grid]: Symbol pin or wire end off connection grid
    ; warning
    @(131.115 mm, 89.713 mm): Vertical Wire, length 2.134 mm
[endpoint_off_grid]: Symbol pin or wire end off connection grid
    ; warning
    @(131.115 mm, 100.965 mm): Vertical Wire, length 3.632 mm
[endpoint_off_grid]: Symbol pin or wire end off connection grid
    ; warning
    @(132.639 mm, 103.505 mm): Vertical Wire, length 1.092 mm
[endpoint_off_grid]: Symbol pin or wire end off connection grid
    ; warning
    @(132.639 mm, 103.505 mm): Horizontal Wire, length 7.061 mm
[endpoint_off_grid]: Symbol pin or wire end off connection grid
    ; warning
    @(132.639 mm, 114.757 mm): Vertical Wire, length 1.27 mm
[endpoint_off_grid]: Symbol pin or wire end off connection grid
    ; warning
    @(132.639 mm, 116.027 mm): Symbol #PWR06 Hidden pin 1 [GND, Power input, Line]
[endpoint_off_grid]: Symbol pin or wire end off connection grid
    ; warning
    @(139.065 mm, 93.066 mm): Horizontal Wire, length 0.279 mm
[endpoint_off_grid]: Symbol pin or wire end off connection grid
    ; warning
    @(139.065 mm, 93.345 mm): Horizontal Wire, length 0.635 mm
[endpoint_off_grid]: Symbol pin or wire end off connection grid
    ; warning
    @(139.065 mm, 93.345 mm): Vertical Wire, length 0.279 mm
[endpoint_off_grid]: Symbol pin or wire end off connection grid
    ; warning
    @(139.70 mm, 100.965 mm): Horizontal Wire, length 8.585 mm
[endpoint_off_grid]: Symbol pin or wire end off connection grid
    ; warning
    @(149.555 mm, 86.97 mm): Symbol #PWR01 Hidden pin 1 [+5F, Power input, Line]
[endpoint_off_grid]: Symbol pin or wire end off connection grid
    ; warning
    @(149.555 mm, 87.351 mm): Vertical Wire, length 0.381 mm
[endpoint_off_grid]: Symbol pin or wire end off connection grid
    ; warning
    @(149.555 mm, 129.896 mm): Vertical Wire, length 3.048 mm
[endpoint_off_grid]: Symbol pin or wire end off connection grid
    ; warning
    @(149.555 mm, 132.944 mm): Symbol #PWR03 Hidden pin 1 [GND, Power input, Line]
[endpoint_off_grid]: Symbol pin or wire end off connection grid
    ; warning
    @(149.86 mm, 87.351 mm): Horizontal Wire, length 0.305 mm
[endpoint_off_grid]: Symbol pin or wire end off connection grid
    ; warning
    @(149.86 mm, 87.351 mm): Vertical Wire, length 0.914 mm
[endpoint_off_grid]: Symbol pin or wire end off connection grid
    ; warning
    @(149.86 mm, 128.905 mm): Symbol DS1 Pin 1 [VSS, Power input, Line]
[endpoint_off_grid]: Symbol pin or wire end off connection grid
    ; warning
    @(149.86 mm, 129.896 mm): Horizontal Wire, length 0.305 mm
[endpoint_off_grid]: Symbol pin or wire end off connection grid
    ; warning
    @(149.86 mm, 129.896 mm): Vertical Wire, length 0.991 mm
[endpoint_off_grid]: Symbol pin or wire end off connection grid
    ; warning
    @(160.02 mm, 95.885 mm): Horizontal Wire, length 14.376 mm
[endpoint_off_grid]: Symbol pin or wire end off connection grid
    ; warning
    @(160.02 mm, 106.045 mm): Horizontal Wire, length 23.495 mm
[endpoint_off_grid]: Symbol pin or wire end off connection grid
    ; warning
    @(160.02 mm, 108.585 mm): Horizontal Wire, length 23.495 mm
[endpoint_off_grid]: Symbol pin or wire end off connection grid
    ; warning
    @(160.02 mm, 111.125 mm): Horizontal Wire, length 23.495 mm
[endpoint_off_grid]: Symbol pin or wire end off connection grid
    ; warning
    @(160.02 mm, 113.665 mm): Horizontal Wire, length 23.495 mm
[endpoint_off_grid]: Symbol pin or wire end off connection grid
    ; warning
    @(160.02 mm, 116.205 mm): Horizontal Wire, length 23.495 mm
[endpoint_off_grid]: Symbol pin or wire end off connection grid
    ; warning
    @(160.02 mm, 118.745 mm): Horizontal Wire, length 23.495 mm
[endpoint_off_grid]: Symbol pin or wire end off connection grid
    ; warning
    @(160.02 mm, 121.285 mm): Horizontal Wire, length 23.495 mm
[endpoint_off_grid]: Symbol pin or wire end off connection grid
    ; warning
    @(160.02 mm, 123.825 mm): Horizontal Wire, length 23.495 mm
[endpoint_off_grid]: Symbol pin or wire end off connection grid
    ; warning
    @(161.29 mm, 98.146 mm): Horizontal Wire, length 2.337 mm
[endpoint_off_grid]: Symbol pin or wire end off connection grid
    ; warning
    @(161.29 mm, 98.425 mm): Vertical Wire, length 0.279 mm
[endpoint_off_grid]: Symbol pin or wire end off connection grid
    ; warning
    @(161.29 mm, 98.425 mm): Horizontal Wire, length 1.27 mm
[endpoint_off_grid]: Symbol pin or wire end off connection grid
    ; warning
    @(161.925 mm, 93.066 mm): Horizontal Wire, length 1.753 mm
[endpoint_off_grid]: Symbol pin or wire end off connection grid
    ; warning
    @(161.925 mm, 93.345 mm): Horizontal Wire, length 1.905 mm
[endpoint_off_grid]: Symbol pin or wire end off connection grid
    ; warning
    @(161.925 mm, 93.345 mm): Vertical Wire, length 0.279 mm
[isolated_pin_label]: Label connected to only one pin
    ; warning
    @(163.627 mm, 98.146 mm): Hierarchical Label 'RD3'
[isolated_pin_label]: Label connected to only one pin
    ; warning
    @(163.678 mm, 93.066 mm): Hierarchical Label 'RD2'
[endpoint_off_grid]: Symbol pin or wire end off connection grid
    ; warning
    @(174.396 mm, 98.196 mm): Symbol #PWR08 Hidden pin 1 [GND, Power input, Line]
[endpoint_off_grid]: Symbol pin or wire end off connection grid
    ; warning
    @(174.396 mm, 98.196 mm): Vertical Wire, length 2.311 mm
[endpoint_off_grid]: Symbol pin or wire end off connection grid
    ; warning
    @(183.515 mm, 108.585 mm): Symbol U1 Pin 1 [QB, Tri-state, Line]
[endpoint_off_grid]: Symbol pin or wire end off connection grid
    ; warning
    @(193.675 mm, 100.051 mm): Horizontal Wire, length 0.127 mm
[endpoint_off_grid]: Symbol pin or wire end off connection grid
    ; warning
    @(193.675 mm, 100.051 mm): Vertical Wire, length 0.914 mm
[endpoint_off_grid]: Symbol pin or wire end off connection grid
    ; warning
    @(193.675 mm, 134.518 mm): Vertical Wire, length 0.533 mm
[endpoint_off_grid]: Symbol pin or wire end off connection grid
    ; warning
    @(193.675 mm, 134.518 mm): Horizontal Wire, length 0.127 mm
[endpoint_off_grid]: Symbol pin or wire end off connection grid
    ; warning
    @(193.802 mm, 98.196 mm): Symbol #PWR02 Hidden pin 1 [+5F, Power input, Line]
[endpoint_off_grid]: Symbol pin or wire end off connection grid
    ; warning
    @(193.802 mm, 100.051 mm): Vertical Wire, length 1.854 mm
[endpoint_off_grid]: Symbol pin or wire end off connection grid
    ; warning
    @(193.802 mm, 135.331 mm): Vertical Wire, length 0.813 mm
[endpoint_off_grid]: Symbol pin or wire end off connection grid
    ; warning
    @(193.802 mm, 135.331 mm): Symbol #PWR04 Hidden pin 1 [GND, Power input, Line]
[endpoint_off_grid]: Symbol pin or wire end off connection grid
    ; warning
    @(203.835 mm, 118.745 mm): Horizontal Wire, length 12.929 mm
[endpoint_off_grid]: Symbol pin or wire end off connection grid
    ; warning
    @(203.835 mm, 121.285 mm): Horizontal Wire, length 1.549 mm
[endpoint_off_grid]: Symbol pin or wire end off connection grid
    ; warning
    @(204.47 mm, 110.846 mm): Horizontal Wire, length 1.626 mm
[endpoint_off_grid]: Symbol pin or wire end off connection grid
    ; warning
    @(204.47 mm, 111.125 mm): Vertical Wire, length 0.279 mm
[endpoint_off_grid]: Symbol pin or wire end off connection grid
    ; warning
    @(204.47 mm, 111.125 mm): Horizontal Wire, length 0.635 mm
[endpoint_off_grid]: Symbol pin or wire end off connection grid
    ; warning
    @(205.105 mm, 113.386 mm): Horizontal Wire, length 0.991 mm
[endpoint_off_grid]: Symbol pin or wire end off connection grid
    ; warning
    @(205.105 mm, 113.665 mm): Vertical Wire, length 0.279 mm
[endpoint_off_grid]: Symbol pin or wire end off connection grid
    ; warning
    @(205.105 mm, 113.665 mm): Horizontal Wire, length 1.27 mm
[endpoint_off_grid]: Symbol pin or wire end off connection grid
    ; warning
    @(205.384 mm, 121.285 mm): Vertical Wire, length 13.233 mm
[endpoint_off_grid]: Symbol pin or wire end off connection grid
    ; warning
    @(205.384 mm, 134.518 mm): Horizontal Wire, length 11.582 mm
[endpoint_off_grid]: Symbol pin or wire end off connection grid
    ; warning
    @(205.74 mm, 105.766 mm): Horizontal Wire, length 0.102 mm
[endpoint_off_grid]: Symbol pin or wire end off connection grid
    ; warning
    @(205.74 mm, 106.045 mm): Horizontal Wire, length 1.905 mm
[endpoint_off_grid]: Symbol pin or wire end off connection grid
    ; warning
    @(205.74 mm, 106.045 mm): Vertical Wire, length 0.279 mm
[isolated_pin_label]: Label connected to only one pin
    ; warning
    @(205.842 mm, 105.766 mm): Hierarchical Label 'RC1'
[isolated_pin_label]: Label connected to only one pin
    ; warning
    @(206.096 mm, 110.846 mm): Hierarchical Label 'RE2'
[isolated_pin_label]: Label connected to only one pin
    ; warning
    @(206.096 mm, 113.386 mm): Hierarchical Label 'RE1'
[endpoint_off_grid]: Symbol pin or wire end off connection grid
    ; warning
    @(216.764 mm, 117.196 mm): Symbol #PWR07 Hidden pin 1 [+5F, Power input, Line]
[endpoint_off_grid]: Symbol pin or wire end off connection grid
    ; warning
    @(216.764 mm, 118.745 mm): Vertical Wire, length 1.549 mm
[endpoint_off_grid]: Symbol pin or wire end off connection grid
    ; warning
    @(95.885 mm, 72.644 mm): Horizontal Wire, length 0.127 mm
[endpoint_off_grid]: Symbol pin or wire end off connection grid
    ; warning
    @(95.885 mm, 72.644 mm): Vertical Wire, length 21.463 mm
[endpoint_off_grid]: Symbol pin or wire end off connection grid
    ; warning
    @(95.885 mm, 94.107 mm): Vertical Wire, length 11.43 mm
[endpoint_off_grid]: Symbol pin or wire end off connection grid
    ; warning
    @(95.885 mm, 94.107 mm): Horizontal Wire, length 7.493 mm
[endpoint_off_grid]: Symbol pin or wire end off connection grid
    ; warning
    @(95.885 mm, 105.537 mm): Vertical Wire, length 12.065 mm
[endpoint_off_grid]: Symbol pin or wire end off connection grid
    ; warning
    @(95.885 mm, 105.537 mm): Horizontal Wire, length 7.493 mm
[endpoint_off_grid]: Symbol pin or wire end off connection grid
    ; warning
    @(95.885 mm, 117.602 mm): Vertical Wire, length 5.715 mm
[endpoint_off_grid]: Symbol pin or wire end off connection grid
    ; warning
    @(95.885 mm, 117.602 mm): Horizontal Wire, length 7.366 mm
[endpoint_off_grid]: Symbol pin or wire end off connection grid
    ; warning
    @(95.885 mm, 123.317 mm): Horizontal Wire, length 7.493 mm
[endpoint_off_grid]: Symbol pin or wire end off connection grid
    ; warning
    @(96.012 mm, 72.517 mm): Horizontal Wire, length 7.366 mm
[endpoint_off_grid]: Symbol pin or wire end off connection grid
    ; warning
    @(96.012 mm, 72.644 mm): Vertical Wire, length 0.127 mm
[endpoint_off_grid]: Symbol pin or wire end off connection grid
    ; warning
    @(103.251 mm, 117.602 mm): Symbol SW1001 Pin 1 [C, Passive, Line]
[endpoint_off_grid]: Symbol pin or wire end off connection grid
    ; warning
    @(103.378 mm, 72.517 mm): Symbol SW1002 Pin 1 [C, Passive, Line]
[endpoint_off_grid]: Symbol pin or wire end off connection grid
    ; warning
    @(103.378 mm, 94.107 mm): Symbol SW1003 Pin 1 [C, Passive, Line]
[endpoint_off_grid]: Symbol pin or wire end off connection grid
    ; warning
    @(103.378 mm, 105.537 mm): Symbol SW1004 Pin 1 [C, Passive, Line]
[endpoint_off_grid]: Symbol pin or wire end off connection grid
    ; warning
    @(103.378 mm, 123.317 mm): Symbol #PWR01001 Hidden pin 1 [GND, Power input, Line]
[endpoint_off_grid]: Symbol pin or wire end off connection grid
    ; warning
    @(113.411 mm, 117.602 mm): Horizontal Wire, length 3.937 mm
[endpoint_off_grid]: Symbol pin or wire end off connection grid
    ; warning
    @(113.538 mm, 72.517 mm): Horizontal Wire, length 3.81 mm
[endpoint_off_grid]: Symbol pin or wire end off connection grid
    ; warning
    @(113.538 mm, 94.107 mm): Horizontal Wire, length 3.81 mm
[endpoint_off_grid]: Symbol pin or wire end off connection grid
    ; warning
    @(113.538 mm, 105.537 mm): Horizontal Wire, length 3.81 mm
[endpoint_off_grid]: Symbol pin or wire end off connection grid
    ; warning
    @(124.968 mm, 72.517 mm): Symbol R1001 Pin 1 [Passive, Line]
[endpoint_off_grid]: Symbol pin or wire end off connection grid
    ; warning
    @(124.968 mm, 94.107 mm): Symbol R1002 Pin 1 [Passive, Line]
[endpoint_off_grid]: Symbol pin or wire end off connection grid
    ; warning
    @(124.968 mm, 105.537 mm): Symbol R1003 Pin 1 [Passive, Line]
[endpoint_off_grid]: Symbol pin or wire end off connection grid
    ; warning
    @(124.968 mm, 117.602 mm): Symbol R1004 Pin 1 [Passive, Line]
[footprint_link_issues]: Footprint 'pin_1016_mm' not found in library 'Connector_Pin'
    ; warning
    @(126.111 mm, 82.042 mm): Symbol J1001 [Conn_01x01_Pin]
[footprint_link_issues]: Footprint 'pin_1016_mm' not found in library 'Connector_Pin'
    ; warning
    @(126.746 mm, 100.33 mm): Symbol J1002 [Conn_01x01_Pin]
[footprint_link_issues]: Footprint 'pin_1016_mm' not found in library 'Connector_Pin'
    ; warning
    @(126.746 mm, 123.952 mm): Symbol J1003 [Conn_01x01_Pin]
[footprint_link_issues]: Footprint 'pin_1016_mm' not found in library 'Connector_Pin'
    ; warning
    @(127.508 mm, 111.379 mm): Symbol J1004 [Conn_01x01_Pin]
[endpoint_off_grid]: Symbol pin or wire end off connection grid
    ; warning
    @(131.191 mm, 82.042 mm): Symbol J1001 Pin 1 [Pin_1, Passive, Line]
[endpoint_off_grid]: Symbol pin or wire end off connection grid
    ; warning
    @(131.191 mm, 82.042 mm): Horizontal Wire, length 2.794 mm
[endpoint_off_grid]: Symbol pin or wire end off connection grid
    ; warning
    @(131.826 mm, 100.33 mm): Symbol J1002 Pin 1 [Pin_1, Passive, Line]
[endpoint_off_grid]: Symbol pin or wire end off connection grid
    ; warning
    @(131.826 mm, 100.33 mm): Horizontal Wire, length 2.794 mm
[endpoint_off_grid]: Symbol pin or wire end off connection grid
    ; warning
    @(131.826 mm, 123.952 mm): Horizontal Wire, length 6.096 mm
[endpoint_off_grid]: Symbol pin or wire end off connection grid
    ; warning
    @(131.826 mm, 123.952 mm): Symbol J1003 Pin 1 [Pin_1, Passive, Line]
[endpoint_off_grid]: Symbol pin or wire end off connection grid
    ; warning
    @(131.953 mm, 64.897 mm): Symbol #PWR01002 Hidden pin 1 [+3.3V, Power input, Line]
[endpoint_off_grid]: Symbol pin or wire end off connection grid
    ; warning
    @(131.953 mm, 64.897 mm): Symbol R1005 Pin 1 [Passive, Line]
[endpoint_off_grid]: Symbol pin or wire end off connection grid
    ; warning
    @(131.953 mm, 72.517 mm): Horizontal Wire, length 6.985 mm
[endpoint_off_grid]: Symbol pin or wire end off connection grid
    ; warning
    @(132.588 mm, 111.379 mm): Symbol J1004 Pin 1 [Pin_1, Passive, Line]
[endpoint_off_grid]: Symbol pin or wire end off connection grid
    ; warning
    @(132.588 mm, 111.379 mm): Horizontal Wire, length 2.794 mm
[endpoint_off_grid]: Symbol pin or wire end off connection grid
    ; warning
    @(133.985 mm, 72.517 mm): Vertical Wire, length 9.525 mm
[endpoint_off_grid]: Symbol pin or wire end off connection grid
    ; warning
    @(133.985 mm, 72.517 mm): Horizontal Wire, length 2.032 mm
[endpoint_off_grid]: Symbol pin or wire end off connection grid
    ; warning
    @(134.62 mm, 100.33 mm): Vertical Wire, length 6.223 mm
[endpoint_off_grid]: Symbol pin or wire end off connection grid
    ; warning
    @(134.62 mm, 94.107 mm): Horizontal Wire, length 9.652 mm
[endpoint_off_grid]: Symbol pin or wire end off connection grid
    ; warning
    @(135.382 mm, 105.537 mm): Horizontal Wire, length 10.414 mm
[endpoint_off_grid]: Symbol pin or wire end off connection grid
    ; warning
    @(135.382 mm, 111.379 mm): Vertical Wire, length 5.842 mm
[endpoint_off_grid]: Symbol pin or wire end off connection grid
    ; warning
    @(137.922 mm, 115.697 mm): Horizontal Wire, length 11.176 mm
[endpoint_off_grid]: Symbol pin or wire end off connection grid
    ; warning
    @(137.922 mm, 117.602 mm): Horizontal Wire, length 12.954 mm
[endpoint_off_grid]: Symbol pin or wire end off connection grid
    ; warning
    @(137.922 mm, 117.602 mm): Vertical Wire, length 1.905 mm
[endpoint_off_grid]: Symbol pin or wire end off connection grid
    ; warning
    @(137.922 mm, 123.952 mm): Vertical Wire, length 6.35 mm
[endpoint_off_grid]: Symbol pin or wire end off connection grid
    ; warning
    @(137.922 mm, 123.952 mm): Horizontal Wire, length 3.048 mm
[endpoint_off_grid]: Symbol pin or wire end off connection grid
    ; warning
    @(138.811 mm, 86.487 mm): Symbol R1006 Pin 1 [Passive, Line]
[endpoint_off_grid]: Symbol pin or wire end off connection grid
    ; warning
    @(138.811 mm, 86.487 mm): Symbol #PWR01003 Hidden pin 1 [+3.3V, Power input, Line]
[endpoint_off_grid]: Symbol pin or wire end off connection grid
    ; warning
    @(138.811 mm, 94.107 mm): Horizontal Wire, length 4.191 mm
[endpoint_off_grid]: Symbol pin or wire end off connection grid
    ; warning
    @(140.335 mm, 72.517 mm): Horizontal Wire, length 6.35 mm
[endpoint_off_grid]: Symbol pin or wire end off connection grid
    ; warning
    @(140.97 mm, 131.572 mm): Vertical Wire, length 3.937 mm
[endpoint_off_grid]: Symbol pin or wire end off connection grid
    ; warning
    @(140.97 mm, 131.572 mm): Symbol R1010 Pin 1 [Passive, Line]
[endpoint_off_grid]: Symbol pin or wire end off connection grid
    ; warning
    @(140.97 mm, 135.509 mm): Horizontal Wire, length 10.287 mm
[endpoint_off_grid]: Symbol pin or wire end off connection grid
    ; warning
    @(142.494 mm, 97.917 mm): Symbol R1007 Pin 1 [Passive, Line]
[endpoint_off_grid]: Symbol pin or wire end off connection grid
    ; warning
    @(142.494 mm, 97.917 mm): Symbol #PWR01004 Hidden pin 1 [+3.3V, Power input, Line]
[endpoint_off_grid]: Symbol pin or wire end off connection grid
    ; warning
    @(142.494 mm, 105.537 mm): Horizontal Wire, length 7.112 mm
[endpoint_off_grid]: Symbol pin or wire end off connection grid
    ; warning
    @(142.621 mm, 94.107 mm): Horizontal Wire, length 3.81 mm
[endpoint_off_grid]: Symbol pin or wire end off connection grid
    ; warning
    @(144.272 mm, 105.537 mm): Horizontal Wire, length 1.778 mm
[endpoint_off_grid]: Symbol pin or wire end off connection grid
    ; warning
    @(151.257 mm, 130.556 mm): Symbol #PWR01005 Hidden pin 1 [+3.3V, Power input, Line]
[endpoint_off_grid]: Symbol pin or wire end off connection grid
    ; warning
    @(151.257 mm, 130.556 mm): Vertical Wire, length 4.953 mm
[endpoint_off_grid]: Symbol pin or wire end off connection grid
    ; warning
    @(160.528 mm, 73.66 mm): Horizontal Wire, length 2.032 mm
[endpoint_off_grid]: Symbol pin or wire end off connection grid
    ; warning
    @(160.528 mm, 88.773 mm): Vertical Wire, length 15.113 mm
[endpoint_off_grid]: Symbol pin or wire end off connection grid
    ; warning
    @(160.528 mm, 88.773 mm): Symbol #PWR01006 Hidden pin 1 [GND, Power input, Line]
[footprint_link_issues]: Footprint 'pin_1016_mm' not found in library 'Connector_Pin'
    ; warning
    @(185.293 mm, 83.185 mm): Symbol J1005 [Conn_01x01_Pin]
[endpoint_off_grid]: Symbol pin or wire end off connection grid
    ; warning
    @(190.373 mm, 83.185 mm): Horizontal Wire, length 2.794 mm
[endpoint_off_grid]: Symbol pin or wire end off connection grid
    ; warning
    @(190.373 mm, 83.185 mm): Symbol J1005 Pin 1 [Pin_1, Passive, Line]
[endpoint_off_grid]: Symbol pin or wire end off connection grid
    ; warning
    @(191.135 mm, 66.04 mm): Symbol #PWR01007 Hidden pin 1 [+3.3V, Power input, Line]
[endpoint_off_grid]: Symbol pin or wire end off connection grid
    ; warning
    @(191.135 mm, 66.04 mm): Symbol R1009 Pin 1 [Passive, Line]
[endpoint_off_grid]: Symbol pin or wire end off connection grid
    ; warning
    @(191.135 mm, 73.66 mm): Horizontal Wire, length 6.985 mm
[endpoint_off_grid]: Symbol pin or wire end off connection grid
    ; warning
    @(193.167 mm, 73.66 mm): Vertical Wire, length 9.525 mm
[endpoint_off_grid]: Symbol pin or wire end off connection grid
    ; warning
    @(193.167 mm, 73.66 mm): Horizontal Wire, length 2.032 mm
[endpoint_off_grid]: Symbol pin or wire end off connection grid
    ; warning
    @(199.517 mm, 73.66 mm): Horizontal Wire, length 6.35 mm
[endpoint_off_grid]: Symbol pin or wire end off connection grid
    ; warning
    @(125.578 mm, 75.743 mm): Horizontal Wire, length 17.78 mm
[isolated_pin_label]: Label connected to only one pin
    ; warning
    @(125.578 mm, 75.743 mm): Label 'D8'
[endpoint_off_grid]: Symbol pin or wire end off connection grid
    ; warning
    @(125.578 mm, 78.283 mm): Horizontal Wire, length 17.78 mm
[isolated_pin_label]: Label connected to only one pin
    ; warning
    @(125.578 mm, 78.283 mm): Label 'D7'
[endpoint_off_grid]: Symbol pin or wire end off connection grid
    ; warning
    @(125.578 mm, 80.823 mm): Horizontal Wire, length 17.78 mm
[isolated_pin_label]: Label connected to only one pin
    ; warning
    @(125.578 mm, 80.823 mm): Label 'D6'
[endpoint_off_grid]: Symbol pin or wire end off connection grid
    ; warning
    @(125.578 mm, 83.363 mm): Horizontal Wire, length 17.78 mm
[isolated_pin_label]: Label connected to only one pin
    ; warning
    @(125.578 mm, 83.363 mm): Label 'D5'
[endpoint_off_grid]: Symbol pin or wire end off connection grid
    ; warning
    @(125.578 mm, 85.903 mm): Horizontal Wire, length 17.78 mm
[isolated_pin_label]: Label connected to only one pin
    ; warning
    @(125.578 mm, 85.903 mm): Label 'D4'
[endpoint_off_grid]: Symbol pin or wire end off connection grid
    ; warning
    @(125.578 mm, 88.443 mm): Horizontal Wire, length 17.78 mm
[isolated_pin_label]: Label connected to only one pin
    ; warning
    @(125.578 mm, 88.443 mm): Label 'D3'
[endpoint_off_grid]: Symbol pin or wire end off connection grid
    ; warning
    @(125.578 mm, 90.983 mm): Horizontal Wire, length 17.78 mm
[isolated_pin_label]: Label connected to only one pin
    ; warning
    @(125.578 mm, 90.983 mm): Label 'D2'
[endpoint_off_grid]: Symbol pin or wire end off connection grid
    ; warning
    @(125.578 mm, 93.523 mm): Horizontal Wire, length 17.78 mm
[isolated_pin_label]: Label connected to only one pin
    ; warning
    @(125.578 mm, 93.523 mm): Label 'D1'
[endpoint_off_grid]: Symbol pin or wire end off connection grid
    ; warning
    @(125.578 mm, 96.063 mm): Horizontal Wire, length 17.78 mm
[isolated_pin_label]: Label connected to only one pin
    ; warning
    @(125.578 mm, 96.063 mm): Label 'Trigger Input (T1)'
[endpoint_off_grid]: Symbol pin or wire end off connection grid
    ; warning
    @(125.578 mm, 98.603 mm): Horizontal Wire, length 17.78 mm
[endpoint_off_grid]: Symbol pin or wire end off connection grid
    ; warning
    @(125.578 mm, 101.143 mm): Horizontal Wire, length 17.78 mm
[isolated_pin_label]: Label connected to only one pin
    ; warning
    @(125.578 mm, 101.143 mm): Label 'AWG1 (W1)'
[endpoint_off_grid]: Symbol pin or wire end off connection grid
    ; warning
    @(125.578 mm, 103.683 mm): Horizontal Wire, length 17.78 mm
[isolated_pin_label]: Label connected to only one pin
    ; warning
    @(125.578 mm, 103.683 mm): Label 'DC Output 1 (V1)'
[endpoint_off_grid]: Symbol pin or wire end off connection grid
    ; warning
    @(125.578 mm, 106.223 mm): Horizontal Wire, length 17.78 mm
[endpoint_off_grid]: Symbol pin or wire end off connection grid
    ; warning
    @(125.578 mm, 108.763 mm): Horizontal Wire, length 17.78 mm
[isolated_pin_label]: Label connected to only one pin
    ; warning
    @(125.578 mm, 108.763 mm): Label 'AI2+/OSC12(1+)'
[endpoint_off_grid]: Symbol pin or wire end off connection grid
    ; warning
    @(125.578 mm, 111.303 mm): Horizontal Wire, length 17.78 mm
[isolated_pin_label]: Label connected to only one pin
    ; warning
    @(125.578 mm, 111.303 mm): Label 'AI1+/OSC1 (1+)'
[endpoint_off_grid]: Symbol pin or wire end off connection grid
    ; warning
    @(143.358 mm, 75.743 mm): Symbol J1 Pin 1 [Pin_1, Passive, Line]
[footprint_link_issues]: Footprint 'PinHeader_2x15_P2.54mm_Vertical_edge_mount_smd' not found in library 'Connector_PinHeader_2.54mm'
    ; warning
    @(148.438 mm, 93.523 mm): Symbol J1 [Conn_02x15_Odd_Even]
[isolated_pin_label]: Label connected to only one pin
    ; warning
    @(156.058 mm, 75.743 mm): Label 'UART_RX/PWM2 (P5)'
[isolated_pin_label]: Label connected to only one pin
    ; warning
    @(156.058 mm, 78.283 mm): Label 'SPI_CS/UART_RTS/PWM1 (P4)'
[isolated_pin_label]: Label connected to only one pin
    ; warning
    @(156.058 mm, 80.823 mm): Label 'SPI_CLK/UART_CTS (P3) '
[isolated_pin_label]: Label connected to only one pin
    ; warning
    @(156.058 mm, 83.363 mm): Label 'SDI/SDO/UART_TX (P2) '
[isolated_pin_label]: Label connected to only one pin
    ; warning
    @(156.058 mm, 85.903 mm): Label 'SDI/SDO (P1) '
[isolated_pin_label]: Label connected to only one pin
    ; warning
    @(156.058 mm, 88.443 mm): Label 'INT/CLK2 (C2) '
[isolated_pin_label]: Label connected to only one pin
    ; warning
    @(156.058 mm, 90.983 mm): Label 'DO10 (10) '
[isolated_pin_label]: Label connected to only one pin
    ; warning
    @(156.058 mm, 93.523 mm): Label 'DO9 (9) '
[isolated_pin_label]: Label connected to only one pin
    ; warning
    @(156.058 mm, 96.063 mm): Label 'Trigger Output (T0) '
[isolated_pin_label]: Label connected to only one pin
    ; warning
    @(156.058 mm, 101.143 mm): Label 'INT/CLK1 (C1) '
[isolated_pin_label]: Label connected to only one pin
    ; warning
    @(156.058 mm, 103.683 mm): Label 'DC Output 2 (V2) '
[isolated_pin_label]: Label connected to only one pin
    ; warning
    @(156.058 mm, 108.763 mm): Label 'GND/AI2'
[isolated_pin_label]: Label connected to only one pin
    ; warning
    @(156.058 mm, 111.303 mm): Label 'GND/AI1'
[endpoint_off_grid]: Symbol pin or wire end off connection grid
    ; warning
    @(37.211 mm, 86.868 mm): Horizontal Wire, length 2.54 mm
[endpoint_off_grid]: Symbol pin or wire end off connection grid
    ; warning
    @(39.751 mm, 86.868 mm): Vertical Wire, length 13.081 mm
[endpoint_off_grid]: Symbol pin or wire end off connection grid
    ; warning
    @(39.751 mm, 99.949 mm): Horizontal Wire, length 14.986 mm
[endpoint_off_grid]: Symbol pin or wire end off connection grid
    ; warning
    @(48.514 mm, 90.678 mm): Horizontal Wire, length 3.937 mm
[isolated_pin_label]: Label connected to only one pin
    ; warning
    @(49.276 mm, 105.918 mm): Hierarchical Label 'RE0'
[endpoint_off_grid]: Symbol pin or wire end off connection grid
    ; warning
    @(52.451 mm, 88.392 mm): Horizontal Wire, length 42.164 mm
[endpoint_off_grid]: Symbol pin or wire end off connection grid
    ; warning
    @(52.451 mm, 90.678 mm): Vertical Wire, length 2.286 mm
[endpoint_off_grid]: Symbol pin or wire end off connection grid
    ; warning
    @(52.451 mm, 102.489 mm): Vertical Wire, length 11.811 mm
[endpoint_off_grid]: Symbol pin or wire end off connection grid
    ; warning
    @(54.737 mm, 102.489 mm): Horizontal Wire, length 2.286 mm
[endpoint_off_grid]: Symbol pin or wire end off connection grid
    ; warning
    @(54.737 mm, 105.029 mm): Symbol U503 Pin 1 [~{CS}, Input, Input low]
[endpoint_off_grid]: Symbol pin or wire end off connection grid
    ; warning
    @(54.864 mm, 105.029 mm): Horizontal Wire, length 0.127 mm
[endpoint_off_grid]: Symbol pin or wire end off connection grid
    ; warning
    @(54.864 mm, 105.029 mm): Vertical Wire, length 0.889 mm
[endpoint_off_grid]: Symbol pin or wire end off connection grid
    ; warning
    @(54.864 mm, 105.918 mm): Horizontal Wire, length 5.588 mm
[endpoint_off_grid]: Symbol pin or wire end off connection grid
    ; warning
    @(55.753 mm, 122.301 mm): Horizontal Wire, length 9.144 mm
[endpoint_off_grid]: Symbol pin or wire end off connection grid
    ; warning
    @(55.753 mm, 125.603 mm): Vertical Wire, length 3.302 mm
[endpoint_off_grid]: Symbol pin or wire end off connection grid
    ; warning
    @(55.753 mm, 125.603 mm): Symbol #PWR0501 Hidden pin 1 [GND, Power input, Line]
[endpoint_off_grid]: Symbol pin or wire end off connection grid
    ; warning
    @(64.897 mm, 77.851 mm): Horizontal Wire, length 45.847 mm
[endpoint_off_grid]: Symbol pin or wire end off connection grid
    ; warning
    @(64.897 mm, 92.329 mm): Vertical Wire, length 14.478 mm
[endpoint_off_grid]: Symbol pin or wire end off connection grid
    ; warning
    @(64.897 mm, 122.301 mm): Vertical Wire, length 9.652 mm
[endpoint_off_grid]: Symbol pin or wire end off connection grid
    ; warning
    @(75.057 mm, 99.949 mm): Horizontal Wire, length 2.159 mm
[endpoint_off_grid]: Symbol pin or wire end off connection grid
    ; warning
    @(75.057 mm, 102.489 mm): Horizontal Wire, length 0.508 mm
[endpoint_off_grid]: Symbol pin or wire end off connection grid
    ; warning
    @(75.057 mm, 105.029 mm): Horizontal Wire, length 2.159 mm
[endpoint_off_grid]: Symbol pin or wire end off connection grid
    ; warning
    @(75.565 mm, 102.489 mm): Vertical Wire, length 0.889 mm
[endpoint_off_grid]: Symbol pin or wire end off connection grid
    ; warning
    @(75.565 mm, 103.378 mm): Horizontal Wire, length 4.572 mm
[endpoint_off_grid]: Symbol pin or wire end off connection grid
    ; warning
    @(77.216 mm, 98.298 mm): Horizontal Wire, length 2.54 mm
[endpoint_off_grid]: Symbol pin or wire end off connection grid
    ; warning
    @(77.216 mm, 99.949 mm): Vertical Wire, length 1.651 mm
[endpoint_off_grid]: Symbol pin or wire end off connection grid
    ; warning
    @(77.216 mm, 110.109 mm): Vertical Wire, length 5.08 mm
[endpoint_off_grid]: Symbol pin or wire end off connection grid
    ; warning
    @(80.137 mm, 110.109 mm): Horizontal Wire, length 2.921 mm
[endpoint_off_grid]: Symbol pin or wire end off connection grid
    ; warning
    @(87.376 mm, 98.298 mm): Symbol R502 Pin 1 [Passive, Line]
[endpoint_off_grid]: Symbol pin or wire end off connection grid
    ; warning
    @(87.757 mm, 103.378 mm): Horizontal Wire, length 2.286 mm
[endpoint_off_grid]: Symbol pin or wire end off connection grid
    ; warning
    @(87.757 mm, 103.378 mm): Symbol R503 Pin 1 [Passive, Line]
[endpoint_off_grid]: Symbol pin or wire end off connection grid
    ; warning
    @(87.757 mm, 110.109 mm): Symbol R504 Pin 1 [Passive, Line]
[endpoint_off_grid]: Symbol pin or wire end off connection grid
    ; warning
    @(90.043 mm, 98.298 mm): Horizontal Wire, length 2.667 mm
[endpoint_off_grid]: Symbol pin or wire end off connection grid
    ; warning
    @(90.043 mm, 100.838 mm): Vertical Wire, length 2.54 mm
[endpoint_off_grid]: Symbol pin or wire end off connection grid
    ; warning
    @(90.043 mm, 100.838 mm): Symbol J501 Pin 1 [Pin_1, Passive, Line]
[endpoint_off_grid]: Symbol pin or wire end off connection grid
    ; warning
    @(90.043 mm, 105.918 mm): Vertical Wire, length 4.191 mm
[endpoint_off_grid]: Symbol pin or wire end off connection grid
    ; warning
    @(90.043 mm, 110.109 mm): Horizontal Wire, length 2.286 mm
[endpoint_off_grid]: Symbol pin or wire end off connection grid
    ; warning
    @(93.98 mm, 119.507 mm): Horizontal Wire, length 3.556 mm
[isolated_pin_label]: Label connected to only one pin
    ; warning
    @(93.98 mm, 119.507 mm): Hierarchical Label 'RE1'
[endpoint_off_grid]: Symbol pin or wire end off connection grid
    ; warning
    @(94.615 mm, 88.392 mm): Vertical Wire, length 11.557 mm
[endpoint_off_grid]: Symbol pin or wire end off connection grid
    ; warning
    @(94.615 mm, 99.949 mm): Horizontal Wire, length 5.969 mm
[endpoint_off_grid]: Symbol pin or wire end off connection grid
    ; warning
    @(97.155 mm, 85.471 mm): Vertical Wire, length 1.397 mm
[endpoint_off_grid]: Symbol pin or wire end off connection grid
    ; warning
    @(97.155 mm, 86.868 mm): Horizontal Wire, length 57.404 mm
[endpoint_off_grid]: Symbol pin or wire end off connection grid
    ; warning
    @(97.155 mm, 86.868 mm): Horizontal Wire, length 42.545 mm
[endpoint_off_grid]: Symbol pin or wire end off connection grid
    ; warning
    @(97.155 mm, 97.409 mm): Vertical Wire, length 10.541 mm
[endpoint_off_grid]: Symbol pin or wire end off connection grid
    ; warning
    @(97.536 mm, 102.489 mm): Horizontal Wire, length 3.048 mm
[endpoint_off_grid]: Symbol pin or wire end off connection grid
    ; warning
    @(97.536 mm, 119.507 mm): Vertical Wire, length 17.018 mm
[endpoint_off_grid]: Symbol pin or wire end off connection grid
    ; warning
    @(100.584 mm, 97.409 mm): Horizontal Wire, length 3.429 mm
[endpoint_off_grid]: Symbol pin or wire end off connection grid
    ; warning
    @(100.584 mm, 102.489 mm): Symbol U502 Pin 1 [~{CS}, Input, Input low]
[endpoint_off_grid]: Symbol pin or wire end off connection grid
    ; warning
    @(110.744 mm, 77.851 mm): Vertical Wire, length 11.938 mm
[endpoint_off_grid]: Symbol pin or wire end off connection grid
    ; warning
    @(110.744 mm, 110.109 mm): Vertical Wire, length 12.192 mm
[endpoint_off_grid]: Symbol pin or wire end off connection grid
    ; warning
    @(110.744 mm, 122.301 mm): Horizontal Wire, length 45.847 mm
[endpoint_off_grid]: Symbol pin or wire end off connection grid
    ; warning
    @(114.935 mm, 67.818 mm): Symbol #PWR0502 Hidden pin 1 [+3.3V, Power input, Line]
[endpoint_off_grid]: Symbol pin or wire end off connection grid
    ; warning
    @(114.935 mm, 67.818 mm): Vertical Wire, length 10.033 mm
[endpoint_off_grid]: Symbol pin or wire end off connection grid
    ; warning
    @(114.935 mm, 77.851 mm): Horizontal Wire, length 4.191 mm
[endpoint_off_grid]: Symbol pin or wire end off connection grid
    ; warning
    @(120.904 mm, 97.409 mm): Horizontal Wire, length 5.08 mm
[endpoint_off_grid]: Symbol pin or wire end off connection grid
    ; warning
    @(120.904 mm, 99.949 mm): Horizontal Wire, length 5.334 mm
[endpoint_off_grid]: Symbol pin or wire end off connection grid
    ; warning
    @(123.444 mm, 102.489 mm): Horizontal Wire, length 2.54 mm
[endpoint_off_grid]: Symbol pin or wire end off connection grid
    ; warning
    @(123.444 mm, 105.029 mm): Vertical Wire, length 2.54 mm
[endpoint_off_grid]: Symbol pin or wire end off connection grid
    ; warning
    @(125.73 mm, 105.029 mm): Horizontal Wire, length 2.286 mm
[endpoint_off_grid]: Symbol pin or wire end off connection grid
    ; warning
    @(125.73 mm, 109.474 mm): Vertical Wire, length 4.445 mm
[endpoint_off_grid]: Symbol pin or wire end off connection grid
    ; warning
    @(126.238 mm, 103.378 mm): Vertical Wire, length 3.429 mm
[endpoint_off_grid]: Symbol pin or wire end off connection grid
    ; warning
    @(126.365 mm, 109.474 mm): Horizontal Wire, length 0.635 mm
[endpoint_off_grid]: Symbol pin or wire end off connection grid
    ; warning
    @(133.604 mm, 97.409 mm): Symbol R505 Pin 1 [Passive, Line]
[endpoint_off_grid]: Symbol pin or wire end off connection grid
    ; warning
    @(133.858 mm, 103.378 mm): Horizontal Wire, length 1.27 mm
[endpoint_off_grid]: Symbol pin or wire end off connection grid
    ; warning
    @(133.858 mm, 103.378 mm): Symbol R506 Pin 1 [Passive, Line]
[endpoint_off_grid]: Symbol pin or wire end off connection grid
    ; warning
    @(133.985 mm, 109.474 mm): Symbol R507 Pin 1 [Passive, Line]
[endpoint_off_grid]: Symbol pin or wire end off connection grid
    ; warning
    @(135.128 mm, 97.409 mm): Horizontal Wire, length 1.524 mm
[endpoint_off_grid]: Symbol pin or wire end off connection grid
    ; warning
    @(135.128 mm, 100.584 mm): Symbol J502 Pin 1 [Pin_1, Passive, Line]
[endpoint_off_grid]: Symbol pin or wire end off connection grid
    ; warning
    @(135.128 mm, 100.584 mm): Vertical Wire, length 3.175 mm
[endpoint_off_grid]: Symbol pin or wire end off connection grid
    ; warning
    @(135.128 mm, 103.378 mm): Vertical Wire, length 0.254 mm
[endpoint_off_grid]: Symbol pin or wire end off connection grid
    ; warning
    @(135.128 mm, 105.664 mm): Vertical Wire, length 3.81 mm
[endpoint_off_grid]: Symbol pin or wire end off connection grid
    ; warning
    @(135.128 mm, 109.474 mm): Horizontal Wire, length 1.143 mm
[endpoint_off_grid]: Symbol pin or wire end off connection grid
    ; warning
    @(137.795 mm, 119.761 mm): Horizontal Wire, length 4.699 mm
[isolated_pin_label]: Label connected to only one pin
    ; warning
    @(137.795 mm, 119.761 mm): Hierarchical Label 'RE2'
[endpoint_off_grid]: Symbol pin or wire end off connection grid
    ; warning
    @(139.70 mm, 100.838 mm): Vertical Wire, length 13.97 mm
[endpoint_off_grid]: Symbol pin or wire end off connection grid
    ; warning
    @(141.351 mm, 82.423 mm): Vertical Wire, length 3.048 mm
[endpoint_off_grid]: Symbol pin or wire end off connection grid
    ; warning
    @(141.351 mm, 85.471 mm): Horizontal Wire, length 44.196 mm
[endpoint_off_grid]: Symbol pin or wire end off connection grid
    ; warning
    @(141.351 mm, 85.471 mm): Horizontal Wire, length 45.72 mm
[endpoint_off_grid]: Symbol pin or wire end off connection grid
    ; warning
    @(141.351 mm, 98.298 mm): Vertical Wire, length 12.827 mm
[endpoint_off_grid]: Symbol pin or wire end off connection grid
    ; warning
    @(142.494 mm, 103.378 mm): Horizontal Wire, length 2.794 mm
[endpoint_off_grid]: Symbol pin or wire end off connection grid
    ; warning
    @(142.494 mm, 119.761 mm): Vertical Wire, length 16.383 mm
[endpoint_off_grid]: Symbol pin or wire end off connection grid
    ; warning
    @(145.288 mm, 98.298 mm): Horizontal Wire, length 3.937 mm
[endpoint_off_grid]: Symbol pin or wire end off connection grid
    ; warning
    @(145.288 mm, 100.838 mm): Horizontal Wire, length 5.588 mm
[endpoint_off_grid]: Symbol pin or wire end off connection grid
    ; warning
    @(145.288 mm, 103.378 mm): Symbol U501 Pin 1 [~{CS}, Input, Input low]
[endpoint_off_grid]: Symbol pin or wire end off connection grid
    ; warning
    @(155.448 mm, 77.851 mm): Horizontal Wire, length 40.513 mm
[endpoint_off_grid]: Symbol pin or wire end off connection grid
    ; warning
    @(155.448 mm, 90.678 mm): Vertical Wire, length 12.827 mm
[endpoint_off_grid]: Symbol pin or wire end off connection grid
    ; warning
    @(155.448 mm, 110.998 mm): Vertical Wire, length 11.303 mm
[endpoint_off_grid]: Symbol pin or wire end off connection grid
    ; warning
    @(155.448 mm, 122.301 mm): Horizontal Wire, length 44.704 mm
[endpoint_off_grid]: Symbol pin or wire end off connection grid
    ; warning
    @(165.608 mm, 98.298 mm): Horizontal Wire, length 6.096 mm
[endpoint_off_grid]: Symbol pin or wire end off connection grid
    ; warning
    @(165.608 mm, 100.838 mm): Horizontal Wire, length 6.35 mm
[endpoint_off_grid]: Symbol pin or wire end off connection grid
    ; warning
    @(168.148 mm, 103.378 mm): Horizontal Wire, length 2.54 mm
[endpoint_off_grid]: Symbol pin or wire end off connection grid
    ; warning
    @(168.148 mm, 103.378 mm): Vertical Wire, length 6.985 mm
[endpoint_off_grid]: Symbol pin or wire end off connection grid
    ; warning
    @(171.958 mm, 100.838 mm): Vertical Wire, length 3.429 mm
[endpoint_off_grid]: Symbol pin or wire end off connection grid
    ; warning
    @(172.085 mm, 110.363 mm): Horizontal Wire, length 3.937 mm
[endpoint_off_grid]: Symbol pin or wire end off connection grid
    ; warning
    @(179.324 mm, 98.298 mm): Symbol R508 Pin 1 [Passive, Line]
[endpoint_off_grid]: Symbol pin or wire end off connection grid
    ; warning
    @(179.324 mm, 101.473 mm): Vertical Wire, length 3.175 mm
[endpoint_off_grid]: Symbol pin or wire end off connection grid
    ; warning
    @(179.578 mm, 104.013 mm): Vertical Wire, length 0.254 mm
[endpoint_off_grid]: Symbol pin or wire end off connection grid
    ; warning
    @(179.578 mm, 104.267 mm): Symbol R509 Pin 1 [Passive, Line]
[endpoint_off_grid]: Symbol pin or wire end off connection grid
    ; warning
    @(179.705 mm, 110.363 mm): Horizontal Wire, length 2.159 mm
[endpoint_off_grid]: Symbol pin or wire end off connection grid
    ; warning
    @(179.705 mm, 110.363 mm): Symbol R510 Pin 1 [Passive, Line]
[endpoint_off_grid]: Symbol pin or wire end off connection grid
    ; warning
    @(181.864 mm, 101.473 mm): Horizontal Wire, length 2.54 mm
[endpoint_off_grid]: Symbol pin or wire end off connection grid
    ; warning
    @(181.864 mm, 101.473 mm): Symbol J503 Pin 1 [Pin_1, Passive, Line]
[endpoint_off_grid]: Symbol pin or wire end off connection grid
    ; warning
    @(181.864 mm, 104.013 mm): Horizontal Wire, length 2.286 mm
[endpoint_off_grid]: Symbol pin or wire end off connection grid
    ; warning
    @(181.864 mm, 106.553 mm): Vertical Wire, length 3.81 mm
[endpoint_off_grid]: Symbol pin or wire end off connection grid
    ; warning
    @(187.071 mm, 100.457 mm): Vertical Wire, length 14.986 mm
[endpoint_off_grid]: Symbol pin or wire end off connection grid
    ; warning
    @(188.341 mm, 118.618 mm): Horizontal Wire, length 5.334 mm
[isolated_pin_label]: Label connected to only one pin
    ; warning
    @(188.341 mm, 118.618 mm): Hierarchical Label 'CS_4'
[endpoint_off_grid]: Symbol pin or wire end off connection grid
    ; warning
    @(190.754 mm, 82.423 mm): Horizontal Wire, length 49.403 mm
[endpoint_off_grid]: Symbol pin or wire end off connection grid
    ; warning
    @(190.754 mm, 97.917 mm): Vertical Wire, length 15.494 mm
[endpoint_off_grid]: Symbol pin or wire end off connection grid
    ; warning
    @(193.675 mm, 102.997 mm): Horizontal Wire, length 2.794 mm
[endpoint_off_grid]: Symbol pin or wire end off connection grid
    ; warning
    @(193.675 mm, 118.618 mm): Vertical Wire, length 15.621 mm
[endpoint_off_grid]: Symbol pin or wire end off connection grid
    ; warning
    @(196.469 mm, 97.917 mm): Horizontal Wire, length 5.715 mm
[endpoint_off_grid]: Symbol pin or wire end off connection grid
    ; warning
    @(196.469 mm, 100.457 mm): Horizontal Wire, length 9.398 mm
[endpoint_off_grid]: Symbol pin or wire end off connection grid
    ; warning
    @(196.469 mm, 102.997 mm): Symbol U505 Pin 1 [~{CS}, Input, Input low]
[endpoint_off_grid]: Symbol pin or wire end off connection grid
    ; warning
    @(206.629 mm, 77.851 mm): Horizontal Wire, length 51.181 mm
[endpoint_off_grid]: Symbol pin or wire end off connection grid
    ; warning
    @(206.629 mm, 90.297 mm): Vertical Wire, length 12.446 mm
[endpoint_off_grid]: Symbol pin or wire end off connection grid
    ; warning
    @(206.629 mm, 110.617 mm): Vertical Wire, length 11.684 mm
[endpoint_off_grid]: Symbol pin or wire end off connection grid
    ; warning
    @(206.629 mm, 122.301 mm): Horizontal Wire, length 51.181 mm
[endpoint_off_grid]: Symbol pin or wire end off connection grid
    ; warning
    @(216.789 mm, 97.917 mm): Horizontal Wire, length 6.096 mm
[endpoint_off_grid]: Symbol pin or wire end off connection grid
    ; warning
    @(216.789 mm, 100.457 mm): Horizontal Wire, length 6.477 mm
[endpoint_off_grid]: Symbol pin or wire end off connection grid
    ; warning
    @(219.329 mm, 102.997 mm): Horizontal Wire, length 2.54 mm
[endpoint_off_grid]: Symbol pin or wire end off connection grid
    ; warning
    @(219.329 mm, 105.537 mm): Horizontal Wire, length 4.064 mm
[endpoint_off_grid]: Symbol pin or wire end off connection grid
    ; warning
    @(219.329 mm, 105.537 mm): Vertical Wire, length 2.54 mm
[endpoint_off_grid]: Symbol pin or wire end off connection grid
    ; warning
    @(223.266 mm, 100.457 mm): Vertical Wire, length 3.048 mm
[endpoint_off_grid]: Symbol pin or wire end off connection grid
    ; warning
    @(223.393 mm, 105.537 mm): Vertical Wire, length 4.064 mm
[endpoint_off_grid]: Symbol pin or wire end off connection grid
    ; warning
    @(230.505 mm, 97.917 mm): Symbol R511 Pin 1 [Passive, Line]
[endpoint_off_grid]: Symbol pin or wire end off connection grid
    ; warning
    @(230.886 mm, 103.505 mm): Symbol R512 Pin 1 [Passive, Line]
[endpoint_off_grid]: Symbol pin or wire end off connection grid
    ; warning
    @(230.886 mm, 103.505 mm): Horizontal Wire, length 7.493 mm
[endpoint_off_grid]: Symbol pin or wire end off connection grid
    ; warning
    @(231.013 mm, 109.601 mm): Symbol R513 Pin 1 [Passive, Line]
[endpoint_off_grid]: Symbol pin or wire end off connection grid
    ; warning
    @(235.839 mm, 106.045 mm): Vertical Wire, length 3.556 mm
[endpoint_off_grid]: Symbol pin or wire end off connection grid
    ; warning
    @(235.839 mm, 109.601 mm): Horizontal Wire, length 4.826 mm
[endpoint_off_grid]: Symbol pin or wire end off connection grid
    ; warning
    @(235.966 mm, 97.917 mm): Horizontal Wire, length 5.461 mm
[endpoint_off_grid]: Symbol pin or wire end off connection grid
    ; warning
    @(235.966 mm, 100.965 mm): Vertical Wire, length 3.048 mm
[endpoint_off_grid]: Symbol pin or wire end off connection grid
    ; warning
    @(238.379 mm, 100.965 mm): Horizontal Wire, length 2.413 mm
[endpoint_off_grid]: Symbol pin or wire end off connection grid
    ; warning
    @(238.379 mm, 100.965 mm): Symbol J504 Pin 1 [Pin_1, Passive, Line]
[endpoint_off_grid]: Symbol pin or wire end off connection grid
    ; warning
    @(238.379 mm, 106.045 mm): Horizontal Wire, length 2.54 mm
[endpoint_off_grid]: Symbol pin or wire end off connection grid
    ; warning
    @(47.752 mm, 91.821 mm): Vertical Wire, length 2.032 mm
[endpoint_off_grid]: Symbol pin or wire end off connection grid
    ; warning
    @(47.752 mm, 91.821 mm): Horizontal Wire, length 4.953 mm
[endpoint_off_grid]: Symbol pin or wire end off connection grid
    ; warning
    @(47.752 mm, 93.853 mm): Symbol C201 Pin 1 [Passive, Line]
[endpoint_off_grid]: Symbol pin or wire end off connection grid
    ; warning
    @(47.752 mm, 101.473 mm): Vertical Wire, length 7.366 mm
[endpoint_off_grid]: Symbol pin or wire end off connection grid
    ; warning
    @(47.752 mm, 108.839 mm): Symbol #PWR0201 Hidden pin 1 [GND, Power input, Line]
[endpoint_off_grid]: Symbol pin or wire end off connection grid
    ; warning
    @(52.705 mm, 60.96 mm): Vertical Wire, length 3.175 mm
[endpoint_off_grid]: Symbol pin or wire end off connection grid
    ; warning
    @(52.705 mm, 64.135 mm): Symbol #PWR0202 Hidden pin 1 [GND, Power input, Line]
[endpoint_off_grid]: Symbol pin or wire end off connection grid
    ; warning
    @(52.705 mm, 73.025 mm): Vertical Wire, length 18.796 mm
[endpoint_off_grid]: Symbol pin or wire end off connection grid
    ; warning
    @(52.705 mm, 73.025 mm): Horizontal Wire, length 6.35 mm
[endpoint_off_grid]: Symbol pin or wire end off connection grid
    ; warning
    @(59.055 mm, 73.025 mm): Symbol Y201 Pin 1 [1, Passive, Line]
[endpoint_off_grid]: Symbol pin or wire end off connection grid
    ; warning
    @(59.436 mm, 82.042 mm): Vertical Wire, length 1.651 mm
[endpoint_off_grid]: Symbol pin or wire end off connection grid
    ; warning
    @(59.436 mm, 82.042 mm): Horizontal Wire, length 2.159 mm
[endpoint_off_grid]: Symbol pin or wire end off connection grid
    ; warning
    @(59.436 mm, 83.693 mm): Symbol #PWR0203 Hidden pin 1 [GND, Power input, Line]
[endpoint_off_grid]: Symbol pin or wire end off connection grid
    ; warning
    @(61.595 mm, 60.96 mm): Horizontal Wire, length 8.89 mm
[endpoint_off_grid]: Symbol pin or wire end off connection grid
    ; warning
    @(61.595 mm, 70.485 mm): Vertical Wire, length 9.525 mm
[lib_symbol_mismatch]: Symbol 'Crystal_GND24_Small' doesn't match copy in library 'Device'
    ; warning
    @(61.595 mm, 73.025 mm): Symbol Y201 [Crystal_GND24_Small]
[endpoint_off_grid]: Symbol pin or wire end off connection grid
    ; warning
    @(61.595 mm, 75.565 mm): Vertical Wire, length 6.477 mm
[endpoint_off_grid]: Symbol pin or wire end off connection grid
    ; warning
    @(61.595 mm, 82.042 mm): Horizontal Wire, length 7.239 mm
[endpoint_off_grid]: Symbol pin or wire end off connection grid
    ; warning
    @(64.135 mm, 73.025 mm): Horizontal Wire, length 4.699 mm
[endpoint_off_grid]: Symbol pin or wire end off connection grid
    ; warning
    @(68.834 mm, 73.025 mm): Horizontal Wire, length 1.651 mm
[endpoint_off_grid]: Symbol pin or wire end off connection grid
    ; warning
    @(68.834 mm, 73.025 mm): Vertical Wire, length 1.397 mm
[endpoint_off_grid]: Symbol pin or wire end off connection grid
    ; warning
    @(68.834 mm, 74.422 mm): Symbol C202 Pin 1 [Passive, Line]
[endpoint_off_grid]: Symbol pin or wire end off connection grid
    ; warning
    @(68.961 mm, 128.778 mm): Horizontal Wire, length 12.70 mm
[endpoint_off_grid]: Symbol pin or wire end off connection grid
    ; warning
    @(68.961 mm, 135.382 mm): Symbol C203 Pin 1 [Passive, Line]
[endpoint_off_grid]: Symbol pin or wire end off connection grid
    ; warning
    @(68.961 mm, 135.382 mm): Vertical Wire, length 6.604 mm
[endpoint_off_grid]: Symbol pin or wire end off connection grid
    ; warning
    @(68.961 mm, 150.622 mm): Symbol #PWR0204 Hidden pin 1 [GND, Power input, Line]
[endpoint_off_grid]: Symbol pin or wire end off connection grid
    ; warning
    @(68.961 mm, 150.622 mm): Vertical Wire, length 7.62 mm
[endpoint_off_grid]: Symbol pin or wire end off connection grid
    ; warning
    @(70.485 mm, 72.898 mm): Vertical Wire, length 0.127 mm
[endpoint_off_grid]: Symbol pin or wire end off connection grid
    ; warning
    @(70.485 mm, 72.898 mm): Horizontal Wire, length 17.653 mm
[endpoint_off_grid]: Symbol pin or wire end off connection grid
    ; warning
    @(72.898 mm, 75.438 mm): Horizontal Wire, length 15.24 mm
[endpoint_off_grid]: Symbol pin or wire end off connection grid
    ; warning
    @(72.898 mm, 75.438 mm): Vertical Wire, length 16.383 mm
[endpoint_off_grid]: Symbol pin or wire end off connection grid
    ; warning
    @(72.898 mm, 91.821 mm): Horizontal Wire, length 20.193 mm
[endpoint_off_grid]: Symbol pin or wire end off connection grid
    ; warning
    @(81.661 mm, 128.778 mm): Vertical Wire, length 6.604 mm
[endpoint_off_grid]: Symbol pin or wire end off connection grid
    ; warning
    @(81.661 mm, 135.382 mm): Symbol C204 Pin 1 [Passive, Line]
[endpoint_off_grid]: Symbol pin or wire end off connection grid
    ; warning
    @(81.661 mm, 143.002 mm): Vertical Wire, length 7.62 mm
[endpoint_off_grid]: Symbol pin or wire end off connection grid
    ; warning
    @(81.661 mm, 150.622 mm): Symbol #PWR0205 Hidden pin 1 [GND, Power input, Line]
[isolated_pin_label]: Label connected to only one pin
    ; warning
    @(88.138 mm, 50.038 mm): Hierarchical Label 'RA0'
[isolated_pin_label]: Label connected to only one pin
    ; warning
    @(88.138 mm, 52.578 mm): Hierarchical Label 'RA1'
[isolated_pin_label]: Label connected to only one pin
    ; warning
    @(88.138 mm, 55.118 mm): Hierarchical Label 'VREF-'
[isolated_pin_label]: Label connected to only one pin
    ; warning
    @(88.138 mm, 57.658 mm): Hierarchical Label 'VREF+'
[isolated_pin_label]: Label connected to only one pin
    ; warning
    @(88.138 mm, 60.198 mm): Hierarchical Label 'RA5'
[isolated_pin_label]: Label connected to only one pin
    ; warning
    @(88.138 mm, 62.738 mm): Hierarchical Label 'RB0'
[isolated_pin_label]: Label connected to only one pin
    ; warning
    @(88.138 mm, 80.518 mm): Hierarchical Label 'AN10'
[isolated_pin_label]: Label connected to only one pin
    ; warning
    @(88.138 mm, 83.058 mm): Hierarchical Label 'AN8'
[isolated_pin_label]: Label connected to only one pin
    ; warning
    @(88.138 mm, 85.598 mm): Hierarchical Label 'AN9'
[isolated_pin_label]: Label connected to only one pin
    ; warning
    @(88.138 mm, 93.218 mm): Hierarchical Label 'RC0'
[isolated_pin_label]: Label connected to only one pin
    ; warning
    @(88.138 mm, 95.758 mm): Hierarchical Label 'RC1'
[isolated_pin_label]: Label connected to only one pin
    ; warning
    @(88.138 mm, 98.298 mm): Hierarchical Label 'AN11'
[isolated_pin_label]: Label connected to only one pin
    ; warning
    @(88.138 mm, 105.918 mm): Hierarchical Label 'SCL_2'
[isolated_pin_label]: Label connected to only one pin
    ; warning
    @(88.138 mm, 108.458 mm): Hierarchical Label 'SDA_2'
[isolated_pin_label]: Label connected to only one pin
    ; warning
    @(88.138 mm, 110.998 mm): Hierarchical Label 'RD2'
[isolated_pin_label]: Label connected to only one pin
    ; warning
    @(88.138 mm, 113.538 mm): Hierarchical Label 'RD3'
[isolated_pin_label]: Label connected to only one pin
    ; warning
    @(88.138 mm, 118.618 mm): Hierarchical Label 'RE0'
[isolated_pin_label]: Label connected to only one pin
    ; warning
    @(88.138 mm, 121.158 mm): Hierarchical Label 'RE1'
[isolated_pin_label]: Label connected to only one pin
    ; warning
    @(88.138 mm, 123.698 mm): Hierarchical Label 'RE2'
[endpoint_off_grid]: Symbol pin or wire end off connection grid
    ; warning
    @(88.138 mm, 128.778 mm): Horizontal Wire, length 6.477 mm
[lib_symbol_issues]: Symbol 'PIC18F46J50-I_PT' not found in symbol library 'MCU_Microchip_PIC18'
    ; warning
    @(141.478 mm, 88.138 mm): Symbol U201 [PIC18F46J50-I_PT]
[endpoint_off_grid]: Symbol pin or wire end off connection grid
    ; warning
    @(194.818 mm, 39.878 mm): Horizontal Wire, length 5.461 mm
[isolated_pin_label]: Label connected to only one pin
    ; warning
    @(194.818 mm, 62.738 mm): Hierarchical Label 'SCL_1'
[isolated_pin_label]: Label connected to only one pin
    ; warning
    @(194.818 mm, 65.278 mm): Hierarchical Label 'SDA_1'
[endpoint_off_grid]: Symbol pin or wire end off connection grid
    ; warning
    @(194.818 mm, 100.838 mm): Symbol U201 Pin 1 [RC7/PMA4/RX1/DT1/SDO1/RP18, Bidirectional, Line]
[endpoint_off_grid]: Symbol pin or wire end off connection grid
    ; warning
    @(194.818 mm, 133.858 mm): Horizontal Wire, length 8.001 mm
[endpoint_off_grid]: Symbol pin or wire end off connection grid
    ; warning
    @(198.374 mm, 42.418 mm): Horizontal Wire, length 3.556 mm
[isolated_pin_label]: Label connected to only one pin
    ; warning
    @(198.374 mm, 42.418 mm): Hierarchical Label 'VDD_CORE'
[endpoint_off_grid]: Symbol pin or wire end off connection grid
    ; warning
    @(198.628 mm, 98.298 mm): Horizontal Wire, length 3.81 mm
[isolated_pin_label]: Label connected to only one pin
    ; warning
    @(198.628 mm, 98.298 mm): Hierarchical Label 'RC6'
[endpoint_off_grid]: Symbol pin or wire end off connection grid
    ; warning
    @(198.628 mm, 100.838 mm): Horizontal Wire, length 3.81 mm
[isolated_pin_label]: Label connected to only one pin
    ; warning
    @(198.628 mm, 100.838 mm): Hierarchical Label 'RC7'
[endpoint_off_grid]: Symbol pin or wire end off connection grid
    ; warning
    @(200.279 mm, 31.369 mm): Vertical Wire, length 8.509 mm
[endpoint_off_grid]: Symbol pin or wire end off connection grid
    ; warning
    @(200.279 mm, 31.369 mm): Symbol #PWR0206 Hidden pin 1 [+3.3V, Power input, Line]
[endpoint_off_grid]: Symbol pin or wire end off connection grid
    ; warning
    @(200.66 mm, 105.918 mm): Horizontal Wire, length 5.842 mm
[isolated_pin_label]: Label connected to only one pin
    ; warning
    @(200.66 mm, 105.918 mm): Hierarchical Label 'RD4'
[endpoint_off_grid]: Symbol pin or wire end off connection grid
    ; warning
    @(200.66 mm, 108.458 mm): Horizontal Wire, length 5.842 mm
[isolated_pin_label]: Label connected to only one pin
    ; warning
    @(200.66 mm, 108.458 mm): Hierarchical Label 'RD5'
[endpoint_off_grid]: Symbol pin or wire end off connection grid
    ; warning
    @(200.66 mm, 110.998 mm): Horizontal Wire, length 5.842 mm
[isolated_pin_label]: Label connected to only one pin
    ; warning
    @(200.66 mm, 110.998 mm): Hierarchical Label 'RD6'
[endpoint_off_grid]: Symbol pin or wire end off connection grid
    ; warning
    @(200.66 mm, 113.538 mm): Horizontal Wire, length 5.842 mm
[isolated_pin_label]: Label connected to only one pin
    ; warning
    @(200.66 mm, 113.538 mm): Hierarchical Label 'RD7'
[endpoint_off_grid]: Symbol pin or wire end off connection grid
    ; warning
    @(202.819 mm, 133.858 mm): Vertical Wire, length 4.826 mm
[endpoint_off_grid]: Symbol pin or wire end off connection grid
    ; warning
    @(202.819 mm, 138.684 mm): Symbol #PWR0207 Hidden pin 1 [GND, Power input, Line]
[endpoint_off_grid]: Symbol pin or wire end off connection grid
    ; warning
    @(237.49 mm, 100.965 mm): Vertical Wire, length 2.794 mm
[endpoint_off_grid]: Symbol pin or wire end off connection grid
    ; warning
    @(237.49 mm, 103.759 mm): Horizontal Wire, length 2.54 mm
[lib_symbol_mismatch]: Symbol 'USB_B_Mini' doesn't match copy in library 'Connector'
    ; warning
    @(240.03 mm, 90.805 mm): Symbol J204 [USB_B_Mini]
[endpoint_off_grid]: Symbol pin or wire end off connection grid
    ; warning
    @(240.03 mm, 103.759 mm): Vertical Wire, length 2.794 mm
[endpoint_off_grid]: Symbol pin or wire end off connection grid
    ; warning
    @(240.03 mm, 106.172 mm): Vertical Wire, length 2.413 mm
[endpoint_off_grid]: Symbol pin or wire end off connection grid
    ; warning
    @(240.03 mm, 106.172 mm): Symbol #PWR0208 Hidden pin 1 [GND, Power input, Line]
[endpoint_off_grid]: Symbol pin or wire end off connection grid
    ; warning
    @(247.65 mm, 85.725 mm): Symbol J204 Pin 1 [VBUS, Power output, Line]
[endpoint_off_grid]: Symbol pin or wire end off connection grid
    ; warning
    @(247.65 mm, 90.805 mm): Horizontal Wire, length 3.81 mm
[endpoint_off_grid]: Symbol pin or wire end off connection grid
    ; warning
    @(247.65 mm, 93.345 mm): Horizontal Wire, length 3.302 mm
[endpoint_off_grid]: Symbol pin or wire end off connection grid
    ; warning
    @(249.885 mm, 49.174 mm): Symbol J205 Pin 1 [Pin_1, Passive, Line]
[endpoint_off_grid]: Symbol pin or wire end off connection grid
    ; warning
    @(249.885 mm, 51.714 mm): Horizontal Wire, length 16.434 mm
[endpoint_off_grid]: Symbol pin or wire end off connection grid
    ; warning
    @(249.885 mm, 54.254 mm): Horizontal Wire, length 22.784 mm
[endpoint_off_grid]: Symbol pin or wire end off connection grid
    ; warning
    @(249.885 mm, 56.794 mm): Horizontal Wire, length 12.268 mm
[endpoint_off_grid]: Symbol pin or wire end off connection grid
    ; warning
    @(249.885 mm, 59.334 mm): Horizontal Wire, length 12.344 mm
[endpoint_off_grid]: Symbol pin or wire end off connection grid
    ; warning
    @(255.27 mm, 85.725 mm): Horizontal Wire, length 2.667 mm
[endpoint_off_grid]: Symbol pin or wire end off connection grid
    ; warning
    @(255.27 mm, 85.725 mm): Symbol R201 Pin 1 [Passive, Line]
[endpoint_off_grid]: Symbol pin or wire end off connection grid
    ; warning
    @(256.642 mm, 49.174 mm): Horizontal Wire, length 6.756 mm
[endpoint_off_grid]: Symbol pin or wire end off connection grid
    ; warning
    @(257.937 mm, 79.883 mm): Symbol #PWR0209 Hidden pin 1 [+5F, Power input, Line]
[endpoint_off_grid]: Symbol pin or wire end off connection grid
    ; warning
    @(257.937 mm, 85.725 mm): Vertical Wire, length 5.842 mm
[endpoint_off_grid]: Symbol pin or wire end off connection grid
    ; warning
    @(258.572 mm, 93.345 mm): Symbol R202 Pin 1 [Passive, Line]
[endpoint_off_grid]: Symbol pin or wire end off connection grid
    ; warning
    @(259.08 mm, 90.805 mm): Symbol R203 Pin 1 [Passive, Line]
[endpoint_off_grid]: Symbol pin or wire end off connection grid
    ; warning
    @(260.731 mm, 93.345 mm): Horizontal Wire, length 2.159 mm
[endpoint_off_grid]: Symbol pin or wire end off connection grid
    ; warning
    @(261.239 mm, 90.805 mm): Horizontal Wire, length 2.159 mm
[endpoint_off_grid]: Symbol pin or wire end off connection grid
    ; warning
    @(266.319 mm, 41.529 mm): Symbol #PWR0210 Hidden pin 1 [+3.3V, Power input, Line]
[endpoint_off_grid]: Symbol pin or wire end off connection grid
    ; warning
    @(266.319 mm, 41.529 mm): Vertical Wire, length 10.185 mm
[endpoint_off_grid]: Symbol pin or wire end off connection grid
    ; warning
    @(272.669 mm, 54.254 mm): Vertical Wire, length 2.515 mm
[endpoint_off_grid]: Symbol pin or wire end off connection grid
    ; warning
    @(272.669 mm, 56.769 mm): Symbol #PWR0211 Hidden pin 1 [GND, Power input, Line]
[endpoint_off_grid]: Symbol pin or wire end off connection grid
    ; warning
    @(106.045 mm, 90.043 mm): Vertical Wire, length 10.16 mm
[endpoint_off_grid]: Symbol pin or wire end off connection grid
    ; warning
    @(106.045 mm, 107.823 mm): Symbol R901 Pin 1 [Passive, Line]
[lib_symbol_mismatch]: Symbol 'LED' doesn't match copy in library 'Device'
    ; warning
    @(106.045 mm, 111.633 mm): Symbol D901 [LED]
[endpoint_off_grid]: Symbol pin or wire end off connection grid
    ; warning
    @(106.045 mm, 115.443 mm): Vertical Wire, length 7.62 mm
[endpoint_off_grid]: Symbol pin or wire end off connection grid
    ; warning
    @(106.045 mm, 115.443 mm): Symbol D901 Pin 1 [K, Passive, Line]
[endpoint_off_grid]: Symbol pin or wire end off connection grid
    ; warning
    @(106.045 mm, 123.063 mm): Symbol #PWR0901 Hidden pin 1 [GND, Power input, Line]
[endpoint_off_grid]: Symbol pin or wire end off connection grid
    ; warning
    @(121.285 mm, 92.583 mm): Vertical Wire, length 7.62 mm
[endpoint_off_grid]: Symbol pin or wire end off connection grid
    ; warning
    @(121.285 mm, 107.823 mm): Symbol R902 Pin 1 [Passive, Line]
[lib_symbol_mismatch]: Symbol 'LED' doesn't match copy in library 'Device'
    ; warning
    @(121.285 mm, 111.633 mm): Symbol D902 [LED]
[endpoint_off_grid]: Symbol pin or wire end off connection grid
    ; warning
    @(121.285 mm, 115.443 mm): Vertical Wire, length 7.62 mm
[endpoint_off_grid]: Symbol pin or wire end off connection grid
    ; warning
    @(121.285 mm, 115.443 mm): Symbol D902 Pin 1 [K, Passive, Line]
[endpoint_off_grid]: Symbol pin or wire end off connection grid
    ; warning
    @(121.285 mm, 123.063 mm): Symbol #PWR0902 Hidden pin 1 [GND, Power input, Line]
[endpoint_off_grid]: Symbol pin or wire end off connection grid
    ; warning
    @(135.255 mm, 95.123 mm): Vertical Wire, length 5.08 mm
[endpoint_off_grid]: Symbol pin or wire end off connection grid
    ; warning
    @(135.255 mm, 107.823 mm): Symbol R903 Pin 1 [Passive, Line]
[lib_symbol_mismatch]: Symbol 'LED' doesn't match copy in library 'Device'
    ; warning
    @(135.255 mm, 111.633 mm): Symbol D903 [LED]
[endpoint_off_grid]: Symbol pin or wire end off connection grid
    ; warning
    @(135.255 mm, 115.443 mm): Vertical Wire, length 7.62 mm
[endpoint_off_grid]: Symbol pin or wire end off connection grid
    ; warning
    @(135.255 mm, 115.443 mm): Symbol D903 Pin 1 [K, Passive, Line]
[endpoint_off_grid]: Symbol pin or wire end off connection grid
    ; warning
    @(135.255 mm, 123.063 mm): Symbol #PWR0903 Hidden pin 1 [GND, Power input, Line]
[endpoint_off_grid]: Symbol pin or wire end off connection grid
    ; warning
    @(149.225 mm, 97.663 mm): Vertical Wire, length 2.54 mm
[endpoint_off_grid]: Symbol pin or wire end off connection grid
    ; warning
    @(149.225 mm, 107.823 mm): Symbol R904 Pin 1 [Passive, Line]
[lib_symbol_mismatch]: Symbol 'LED' doesn't match copy in library 'Device'
    ; warning
    @(149.225 mm, 111.633 mm): Symbol D904 [LED]
[endpoint_off_grid]: Symbol pin or wire end off connection grid
    ; warning
    @(149.225 mm, 115.443 mm): Symbol D904 Pin 1 [K, Passive, Line]
[endpoint_off_grid]: Symbol pin or wire end off connection grid
    ; warning
    @(149.225 mm, 115.443 mm): Vertical Wire, length 7.62 mm
[endpoint_off_grid]: Symbol pin or wire end off connection grid
    ; warning
    @(149.225 mm, 123.063 mm): Symbol #PWR0904 Hidden pin 1 [GND, Power input, Line]
[endpoint_off_grid]: Symbol pin or wire end off connection grid
    ; warning
    @(150.495 mm, 90.043 mm): Horizontal Wire, length 44.45 mm
[isolated_pin_label]: Label connected to only one pin
    ; warning
    @(150.495 mm, 90.043 mm): Hierarchical Label 'RD4'
[endpoint_off_grid]: Symbol pin or wire end off connection grid
    ; warning
    @(150.495 mm, 92.583 mm): Horizontal Wire, length 29.21 mm
[isolated_pin_label]: Label connected to only one pin
    ; warning
    @(150.495 mm, 92.583 mm): Hierarchical Label 'RD5'
[endpoint_off_grid]: Symbol pin or wire end off connection grid
    ; warning
    @(150.495 mm, 95.123 mm): Horizontal Wire, length 15.24 mm
[isolated_pin_label]: Label connected to only one pin
    ; warning
    @(150.495 mm, 95.123 mm): Hierarchical Label 'RD6'
[endpoint_off_grid]: Symbol pin or wire end off connection grid
    ; warning
    @(150.495 mm, 97.663 mm): Horizontal Wire, length 1.27 mm
[isolated_pin_label]: Label connected to only one pin
    ; warning
    @(150.495 mm, 97.663 mm): Hierarchical Label 'RD7'
[endpoint_off_grid]: Symbol pin or wire end off connection grid
    ; warning
    @(82.423 mm, 116.84 mm): Symbol #PWR0601 Hidden pin 1 [+5F, Power input, Line]
[endpoint_off_grid]: Symbol pin or wire end off connection grid
    ; warning
    @(88.773 mm, 99.06 mm): Vertical Wire, length 7.62 mm
[endpoint_off_grid]: Symbol pin or wire end off connection grid
    ; warning
    @(88.773 mm, 99.06 mm): Horizontal Wire, length 6.35 mm
[endpoint_off_grid]: Symbol pin or wire end off connection grid
    ; warning
    @(88.773 mm, 106.68 mm): Vertical Wire, length 10.16 mm
[endpoint_off_grid]: Symbol pin or wire end off connection grid
    ; warning
    @(88.773 mm, 116.84 mm): Horizontal Wire, length 6.35 mm
[endpoint_off_grid]: Symbol pin or wire end off connection grid
    ; warning
    @(93.853 mm, 106.68 mm): Symbol C601 Pin 1 [Passive, Line]
[endpoint_off_grid]: Symbol pin or wire end off connection grid
    ; warning
    @(93.853 mm, 106.68 mm): Horizontal Wire, length 5.08 mm
[endpoint_off_grid]: Symbol pin or wire end off connection grid
    ; warning
    @(93.853 mm, 118.11 mm): Vertical Wire, length 3.81 mm
[endpoint_off_grid]: Symbol pin or wire end off connection grid
    ; warning
    @(95.123 mm, 99.06 mm): Symbol JP601 Pin 1 [A, Passive, Line]
[lib_symbol_mismatch]: Symbol 'SolderJumper_2_Open' doesn't match copy in library 'Jumper'
    ; warning
    @(98.933 mm, 99.06 mm): Symbol JP601 [SolderJumper_2_Open]
[endpoint_off_grid]: Symbol pin or wire end off connection grid
    ; warning
    @(104.013 mm, 106.68 mm): Horizontal Wire, length 10.16 mm
[endpoint_off_grid]: Symbol pin or wire end off connection grid
    ; warning
    @(111.633 mm, 114.30 mm): Vertical Wire, length 3.81 mm
[endpoint_off_grid]: Symbol pin or wire end off connection grid
    ; warning
    @(111.633 mm, 114.30 mm): Symbol U601 Pin 1 [GND, Power input, Line]
[endpoint_off_grid]: Symbol pin or wire end off connection grid
    ; warning
    @(111.633 mm, 118.11 mm): Horizontal Wire, length 17.78 mm
[endpoint_off_grid]: Symbol pin or wire end off connection grid
    ; warning
    @(111.633 mm, 118.11 mm): Vertical Wire, length 1.27 mm
[endpoint_off_grid]: Symbol pin or wire end off connection grid
    ; warning
    @(111.633 mm, 119.38 mm): Symbol #PWR0602 Hidden pin 1 [GND, Power input, Line]
[endpoint_off_grid]: Symbol pin or wire end off connection grid
    ; warning
    @(119.253 mm, 106.68 mm): Horizontal Wire, length 8.89 mm
[endpoint_off_grid]: Symbol pin or wire end off connection grid
    ; warning
    @(128.143 mm, 97.79 mm): Symbol #PWR0603 Hidden pin 1 [+3.3V, Power input, Line]
[endpoint_off_grid]: Symbol pin or wire end off connection grid
    ; warning
    @(128.143 mm, 97.79 mm): Vertical Wire, length 1.27 mm
[endpoint_off_grid]: Symbol pin or wire end off connection grid
    ; warning
    @(128.143 mm, 99.06 mm): Vertical Wire, length 7.62 mm
[endpoint_off_grid]: Symbol pin or wire end off connection grid
    ; warning
    @(128.143 mm, 99.06 mm): Horizontal Wire, length 25.40 mm
[endpoint_off_grid]: Symbol pin or wire end off connection grid
    ; warning
    @(128.143 mm, 106.68 mm): Vertical Wire, length 1.27 mm
[endpoint_off_grid]: Symbol pin or wire end off connection grid
    ; warning
    @(128.143 mm, 107.95 mm): Symbol C602 Pin 1 [Passive, Line]
[endpoint_off_grid]: Symbol pin or wire end off connection grid
    ; warning
    @(128.143 mm, 115.57 mm): Vertical Wire, length 2.54 mm
[endpoint_off_grid]: Symbol pin or wire end off connection grid
    ; warning
    @(128.143 mm, 118.11 mm): Horizontal Wire, length 16.51 mm
[endpoint_off_grid]: Symbol pin or wire end off connection grid
    ; warning
    @(151.892 mm, 47.498 mm): Vertical Wire, length 6.35 mm
[endpoint_off_grid]: Symbol pin or wire end off connection grid
    ; warning
    @(151.892 mm, 47.498 mm): Symbol #PWR0604 Hidden pin 1 [+3.3V, Power input, Line]
[endpoint_off_grid]: Symbol pin or wire end off connection grid
    ; warning
    @(151.892 mm, 53.848 mm): Symbol C603 Pin 1 [Passive, Line]
[endpoint_off_grid]: Symbol pin or wire end off connection grid
    ; warning
    @(151.892 mm, 61.468 mm): Vertical Wire, length 7.62 mm
[endpoint_off_grid]: Symbol pin or wire end off connection grid
    ; warning
    @(151.892 mm, 69.088 mm): Horizontal Wire, length 11.43 mm
[endpoint_off_grid]: Symbol pin or wire end off connection grid
    ; warning
    @(163.322 mm, 47.498 mm): Vertical Wire, length 6.35 mm
[endpoint_off_grid]: Symbol pin or wire end off connection grid
    ; warning
    @(163.322 mm, 47.498 mm): Horizontal Wire, length 11.43 mm
[endpoint_off_grid]: Symbol pin or wire end off connection grid
    ; warning
    @(163.322 mm, 53.848 mm): Symbol C604 Pin 1 [Passive, Line]
[endpoint_off_grid]: Symbol pin or wire end off connection grid
    ; warning
    @(163.322 mm, 61.468 mm): Vertical Wire, length 7.62 mm
[endpoint_off_grid]: Symbol pin or wire end off connection grid
    ; warning
    @(163.322 mm, 69.088 mm): Symbol #PWR0605 Hidden pin 1 [GND, Power input, Line]
[endpoint_off_grid]: Symbol pin or wire end off connection grid
    ; warning
    @(163.322 mm, 69.088 mm): Horizontal Wire, length 12.70 mm
[endpoint_off_grid]: Symbol pin or wire end off connection grid
    ; warning
    @(176.022 mm, 47.498 mm): Horizontal Wire, length 12.70 mm
[endpoint_off_grid]: Symbol pin or wire end off connection grid
    ; warning
    @(176.022 mm, 53.848 mm): Vertical Wire, length 6.35 mm
[endpoint_off_grid]: Symbol pin or wire end off connection grid
    ; warning
    @(176.022 mm, 53.848 mm): Symbol C605 Pin 1 [Passive, Line]
[endpoint_off_grid]: Symbol pin or wire end off connection grid
    ; warning
    @(176.022 mm, 69.088 mm): Vertical Wire, length 7.62 mm
[endpoint_off_grid]: Symbol pin or wire end off connection grid
    ; warning
    @(186.309 mm, 87.757 mm): Horizontal Wire, length 12.70 mm
[endpoint_off_grid]: Symbol pin or wire end off connection grid
    ; warning
    @(186.309 mm, 99.187 mm): Symbol C606 Pin 1 [Passive, Line]
[endpoint_off_grid]: Symbol pin or wire end off connection grid
    ; warning
    @(186.309 mm, 99.187 mm): Vertical Wire, length 11.43 mm
[endpoint_off_grid]: Symbol pin or wire end off connection grid
    ; warning
    @(186.309 mm, 106.807 mm): Vertical Wire, length 10.16 mm
[endpoint_off_grid]: Symbol pin or wire end off connection grid
    ; warning
    @(186.309 mm, 116.967 mm): Symbol #PWR0606 Hidden pin 1 [GND, Power input, Line]
[endpoint_off_grid]: Symbol pin or wire end off connection grid
    ; warning
    @(199.009 mm, 87.757 mm): Vertical Wire, length 11.43 mm
[endpoint_off_grid]: Symbol pin or wire end off connection grid
    ; warning
    @(199.009 mm, 99.187 mm): Symbol C607 Pin 1 [Passive, Line]
[endpoint_off_grid]: Symbol pin or wire end off connection grid
    ; warning
    @(199.009 mm, 106.807 mm): Vertical Wire, length 10.16 mm
[endpoint_off_grid]: Symbol pin or wire end off connection grid
    ; warning
    @(199.009 mm, 116.967 mm): Symbol #PWR0607 Hidden pin 1 [GND, Power input, Line]
[endpoint_off_grid]: Symbol pin or wire end off connection grid
    ; warning
    @(210.439 mm, 82.677 mm): Symbol #PWR0608 Hidden pin 1 [+3.3V, Power input, Line]
[endpoint_off_grid]: Symbol pin or wire end off connection grid
    ; warning
    @(210.439 mm, 82.677 mm): Vertical Wire, length 5.08 mm
[endpoint_off_grid]: Symbol pin or wire end off connection grid
    ; warning
    @(210.439 mm, 87.757 mm): Horizontal Wire, length 11.43 mm
[endpoint_off_grid]: Symbol pin or wire end off connection grid
    ; warning
    @(46.609 mm, 152.146 mm): Horizontal Wire, length 5.969 mm
[endpoint_off_grid]: Symbol pin or wire end off connection grid
    ; warning
    @(52.578 mm, 141.986 mm): Symbol #PWR0801 Hidden pin 1 [+3.3V, Power input, Line]
[endpoint_off_grid]: Symbol pin or wire end off connection grid
    ; warning
    @(52.578 mm, 143.256 mm): Symbol R801 Pin 1 [Passive, Line]
[endpoint_off_grid]: Symbol pin or wire end off connection grid
    ; warning
    @(52.578 mm, 143.256 mm): Vertical Wire, length 1.27 mm
[endpoint_off_grid]: Symbol pin or wire end off connection grid
    ; warning
    @(52.578 mm, 150.876 mm): Vertical Wire, length 1.27 mm
[endpoint_off_grid]: Symbol pin or wire end off connection grid
    ; warning
    @(52.578 mm, 152.146 mm): Vertical Wire, length 3.81 mm
[endpoint_off_grid]: Symbol pin or wire end off connection grid
    ; warning
    @(52.578 mm, 152.146 mm): Horizontal Wire, length 6.35 mm
[endpoint_off_grid]: Symbol pin or wire end off connection grid
    ; warning
    @(52.578 mm, 155.956 mm): Symbol R802 Pin 1 [Passive, Line]
[endpoint_off_grid]: Symbol pin or wire end off connection grid
    ; warning
    @(52.578 mm, 163.576 mm): Vertical Wire, length 7.62 mm
[endpoint_off_grid]: Symbol pin or wire end off connection grid
    ; warning
    @(52.578 mm, 171.196 mm): Symbol #PWR0802 Hidden pin 1 [GND, Power input, Line]
[endpoint_off_grid]: Symbol pin or wire end off connection grid
    ; warning
    @(58.928 mm, 152.146 mm): Symbol J801 Pin 1 [Pin_1, Passive, Line]
[endpoint_off_grid]: Symbol pin or wire end off connection grid
    ; warning
    @(60.706 mm, 69.469 mm): Horizontal Wire, length 4.699 mm
[footprint_link_issues]: Footprint 'Pin_D1.5mmx1mm' not found in library 'Connector_Pin'
    ; warning
    @(64.008 mm, 152.146 mm): Symbol J801 [Conn_01x01_Pin]
[endpoint_off_grid]: Symbol pin or wire end off connection grid
    ; warning
    @(65.405 mm, 69.469 mm): Vertical Wire, length 2.921 mm
[endpoint_off_grid]: Symbol pin or wire end off connection grid
    ; warning
    @(65.405 mm, 72.39 mm): Horizontal Wire, length 10.668 mm
[endpoint_off_grid]: Symbol pin or wire end off connection grid
    ; warning
    @(65.405 mm, 76.454 mm): Vertical Wire, length 4.064 mm
[endpoint_off_grid]: Symbol pin or wire end off connection grid
    ; warning
    @(65.405 mm, 76.454 mm): Symbol R809 Pin 1 [Passive, Line]
[endpoint_off_grid]: Symbol pin or wire end off connection grid
    ; warning
    @(65.405 mm, 96.647 mm): Vertical Wire, length 12.573 mm
[endpoint_off_grid]: Symbol pin or wire end off connection grid
    ; warning
    @(65.532 mm, 96.647 mm): Horizontal Wire, length 0.127 mm
[endpoint_off_grid]: Symbol pin or wire end off connection grid
    ; warning
    @(65.532 mm, 96.774 mm): Symbol #PWR0809 Hidden pin 1 [GND, Power input, Line]
[endpoint_off_grid]: Symbol pin or wire end off connection grid
    ; warning
    @(65.532 mm, 96.774 mm): Vertical Wire, length 0.127 mm
[endpoint_off_grid]: Symbol pin or wire end off connection grid
    ; warning
    @(72.644 mm, 77.47 mm): Vertical Wire, length 11.684 mm
[endpoint_off_grid]: Symbol pin or wire end off connection grid
    ; warning
    @(72.644 mm, 89.154 mm): Horizontal Wire, length 23.368 mm
[endpoint_off_grid]: Symbol pin or wire end off connection grid
    ; warning
    @(76.073 mm, 72.39 mm): Symbol U801 Pin 5 [+, Input, Line]
[endpoint_off_grid]: Symbol pin or wire end off connection grid
    ; warning
    @(76.073 mm, 77.47 mm): Horizontal Wire, length 3.429 mm
[endpoint_off_grid]: Symbol pin or wire end off connection grid
    ; warning
    @(77.724 mm, 153.543 mm): Horizontal Wire, length 4.064 mm
[endpoint_off_grid]: Symbol pin or wire end off connection grid
    ; warning
    @(81.788 mm, 141.732 mm): Symbol #PWR0803 Hidden pin 1 [+3.3V, Power input, Line]
[endpoint_off_grid]: Symbol pin or wire end off connection grid
    ; warning
    @(81.788 mm, 143.002 mm): Vertical Wire, length 1.27 mm
[endpoint_off_grid]: Symbol pin or wire end off connection grid
    ; warning
    @(81.788 mm, 143.002 mm): Symbol R803 Pin 1 [Passive, Line]
[endpoint_off_grid]: Symbol pin or wire end off connection grid
    ; warning
    @(81.788 mm, 150.622 mm): Vertical Wire, length 1.27 mm
[endpoint_off_grid]: Symbol pin or wire end off connection grid
    ; warning
    @(81.788 mm, 151.892 mm): Horizontal Wire, length 6.35 mm
[endpoint_off_grid]: Symbol pin or wire end off connection grid
    ; warning
    @(81.788 mm, 151.892 mm): Vertical Wire, length 1.651 mm
[endpoint_off_grid]: Symbol pin or wire end off connection grid
    ; warning
    @(81.788 mm, 153.543 mm): Vertical Wire, length 2.159 mm
[endpoint_off_grid]: Symbol pin or wire end off connection grid
    ; warning
    @(81.788 mm, 155.702 mm): Symbol R804 Pin 1 [Passive, Line]
[endpoint_off_grid]: Symbol pin or wire end off connection grid
    ; warning
    @(81.788 mm, 163.322 mm): Vertical Wire, length 7.62 mm
[endpoint_off_grid]: Symbol pin or wire end off connection grid
    ; warning
    @(81.788 mm, 170.942 mm): Symbol #PWR0804 Hidden pin 1 [GND, Power input, Line]
[endpoint_off_grid]: Symbol pin or wire end off connection grid
    ; warning
    @(88.138 mm, 151.892 mm): Symbol J802 Pin 1 [Pin_1, Passive, Line]
[endpoint_off_grid]: Symbol pin or wire end off connection grid
    ; warning
    @(91.313 mm, 74.93 mm): Horizontal Wire, length 4.699 mm
[footprint_link_issues]: Footprint 'Pin_D1.5mmx1mm' not found in library 'Connector_Pin'
    ; warning
    @(93.218 mm, 151.892 mm): Symbol J802 [Conn_01x01_Pin]
[endpoint_off_grid]: Symbol pin or wire end off connection grid
    ; warning
    @(96.012 mm, 74.93 mm): Vertical Wire, length 14.224 mm
[endpoint_off_grid]: Symbol pin or wire end off connection grid
    ; warning
    @(98.425 mm, 72.517 mm): Vertical Wire, length 2.413 mm
[endpoint_off_grid]: Symbol pin or wire end off connection grid
    ; warning
    @(98.425 mm, 74.93 mm): Horizontal Wire, length 2.413 mm
[endpoint_off_grid]: Symbol pin or wire end off connection grid
    ; warning
    @(102.489 mm, 77.597 mm): Horizontal Wire, length 4.699 mm
[endpoint_off_grid]: Symbol pin or wire end off connection grid
    ; warning
    @(102.489 mm, 93.345 mm): Vertical Wire, length 15.748 mm
[endpoint_off_grid]: Symbol pin or wire end off connection grid
    ; warning
    @(102.489 mm, 93.345 mm): Symbol R810 Pin 1 [Passive, Line]
[endpoint_off_grid]: Symbol pin or wire end off connection grid
    ; warning
    @(102.489 mm, 102.235 mm): Vertical Wire, length 1.27 mm
[endpoint_off_grid]: Symbol pin or wire end off connection grid
    ; warning
    @(102.489 mm, 103.759 mm): Symbol #PWR0810 Hidden pin 1 [GND, Power input, Line]
[endpoint_off_grid]: Symbol pin or wire end off connection grid
    ; warning
    @(102.489 mm, 103.759 mm): Vertical Wire, length 1.524 mm
[endpoint_off_grid]: Symbol pin or wire end off connection grid
    ; warning
    @(107.188 mm, 72.517 mm): Horizontal Wire, length 8.763 mm
[endpoint_off_grid]: Symbol pin or wire end off connection grid
    ; warning
    @(114.173 mm, 83.058 mm): Symbol RV801 Pin 1 [1, Passive, Line]
[lib_symbol_mismatch]: Symbol 'R_Potentiometer_Trim_US' doesn't match copy in library 'Device'
    ; warning
    @(114.173 mm, 86.868 mm): Symbol RV801 [R_Potentiometer_Trim_US]
[endpoint_off_grid]: Symbol pin or wire end off connection grid
    ; warning
    @(114.173 mm, 90.678 mm): Vertical Wire, length 11.557 mm
[endpoint_off_grid]: Symbol pin or wire end off connection grid
    ; warning
    @(114.173 mm, 102.235 mm): Horizontal Wire, length 11.684 mm
[endpoint_off_grid]: Symbol pin or wire end off connection grid
    ; warning
    @(117.983 mm, 86.868 mm): Horizontal Wire, length 5.715 mm
[endpoint_off_grid]: Symbol pin or wire end off connection grid
    ; warning
    @(122.428 mm, 75.057 mm): Symbol U801 Pin 1 [Output, Line]
[endpoint_off_grid]: Symbol pin or wire end off connection grid
    ; warning
    @(123.698 mm, 86.868 mm): Symbol R812 Pin 1 [Passive, Line]
[endpoint_off_grid]: Symbol pin or wire end off connection grid
    ; warning
    @(129.286 mm, 140.716 mm): Symbol #PWR0805 Hidden pin 1 [+3.3V, Power input, Line]
[endpoint_off_grid]: Symbol pin or wire end off connection grid
    ; warning
    @(129.286 mm, 141.986 mm): Vertical Wire, length 1.27 mm
[endpoint_off_grid]: Symbol pin or wire end off connection grid
    ; warning
    @(129.286 mm, 141.986 mm): Symbol R805 Pin 1 [Passive, Line]
[endpoint_off_grid]: Symbol pin or wire end off connection grid
    ; warning
    @(129.286 mm, 149.606 mm): Vertical Wire, length 2.159 mm
[endpoint_off_grid]: Symbol pin or wire end off connection grid
    ; warning
    @(129.286 mm, 151.765 mm): Horizontal Wire, length 10.414 mm
[endpoint_off_grid]: Symbol pin or wire end off connection grid
    ; warning
    @(129.286 mm, 151.765 mm): Vertical Wire, length 2.921 mm
[endpoint_off_grid]: Symbol pin or wire end off connection grid
    ; warning
    @(129.286 mm, 154.686 mm): Symbol R806 Pin 1 [Passive, Line]
[endpoint_off_grid]: Symbol pin or wire end off connection grid
    ; warning
    @(129.286 mm, 162.306 mm): Vertical Wire, length 7.62 mm
[endpoint_off_grid]: Symbol pin or wire end off connection grid
    ; warning
    @(129.286 mm, 169.926 mm): Symbol #PWR0806 Hidden pin 1 [GND, Power input, Line]
[endpoint_off_grid]: Symbol pin or wire end off connection grid
    ; warning
    @(131.318 mm, 86.868 mm): Horizontal Wire, length 4.826 mm
[endpoint_off_grid]: Symbol pin or wire end off connection grid
    ; warning
    @(136.144 mm, 75.057 mm): Horizontal Wire, length 13.716 mm
[endpoint_off_grid]: Symbol pin or wire end off connection grid
    ; warning
    @(136.144 mm, 75.057 mm): Horizontal Wire, length 6.858 mm
[endpoint_off_grid]: Symbol pin or wire end off connection grid
    ; warning
    @(136.144 mm, 86.868 mm): Vertical Wire, length 11.811 mm
[endpoint_off_grid]: Symbol pin or wire end off connection grid
    ; warning
    @(139.70 mm, 151.765 mm): Symbol J803 Pin 1 [Pin_1, Passive, Line]
[footprint_link_issues]: Footprint 'Pin_D1.5mmx1mm' not found in library 'Connector_Pin'
    ; warning
    @(144.78 mm, 151.765 mm): Symbol J803 [Conn_01x01_Pin]
[endpoint_off_grid]: Symbol pin or wire end off connection grid
    ; warning
    @(154.432 mm, 139.065 mm): Symbol #PWR0807 Hidden pin 1 [+3.3V, Power input, Line]
[endpoint_off_grid]: Symbol pin or wire end off connection grid
    ; warning
    @(154.432 mm, 140.335 mm): Vertical Wire, length 1.27 mm
[endpoint_off_grid]: Symbol pin or wire end off connection grid
    ; warning
    @(154.432 mm, 140.335 mm): Symbol R807 Pin 1 [Passive, Line]
[endpoint_off_grid]: Symbol pin or wire end off connection grid
    ; warning
    @(154.432 mm, 147.955 mm): Vertical Wire, length 2.413 mm
[endpoint_off_grid]: Symbol pin or wire end off connection grid
    ; warning
    @(154.432 mm, 150.368 mm): Horizontal Wire, length 9.906 mm
[endpoint_off_grid]: Symbol pin or wire end off connection grid
    ; warning
    @(154.432 mm, 150.368 mm): Vertical Wire, length 2.667 mm
[endpoint_off_grid]: Symbol pin or wire end off connection grid
    ; warning
    @(154.432 mm, 153.035 mm): Symbol R808 Pin 1 [Passive, Line]
[endpoint_off_grid]: Symbol pin or wire end off connection grid
    ; warning
    @(154.432 mm, 160.655 mm): Vertical Wire, length 7.62 mm
[endpoint_off_grid]: Symbol pin or wire end off connection grid
    ; warning
    @(154.432 mm, 168.275 mm): Symbol #PWR0808 Hidden pin 1 [GND, Power input, Line]
[endpoint_off_grid]: Symbol pin or wire end off connection grid
    ; warning
    @(164.338 mm, 150.368 mm): Symbol J804 Pin 1 [Pin_1, Passive, Line]
[footprint_link_issues]: Footprint 'Pin_D1.5mmx1mm' not found in library 'Connector_Pin'
    ; warning
    @(169.418 mm, 150.368 mm): Symbol J804 [Conn_01x01_Pin]
[endpoint_off_grid]: Symbol pin or wire end off connection grid
    ; warning
    @(196.088 mm, 51.943 mm): Vertical Wire, length 14.351 mm
[endpoint_off_grid]: Symbol pin or wire end off connection grid
    ; warning
    @(196.088 mm, 66.294 mm): Symbol RV802 Pin 1 [1, Passive, Line]
[lib_symbol_mismatch]: Symbol 'R_Potentiometer_Trim_US' doesn't match copy in library 'Device'
    ; warning
    @(196.088 mm, 70.104 mm): Symbol RV802 [R_Potentiometer_Trim_US]
[endpoint_off_grid]: Symbol pin or wire end off connection grid
    ; warning
    @(196.088 mm, 83.693 mm): Vertical Wire, length 9.779 mm
[endpoint_off_grid]: Symbol pin or wire end off connection grid
    ; warning
    @(196.088 mm, 91.313 mm): Vertical Wire, length 4.191 mm
[endpoint_off_grid]: Symbol pin or wire end off connection grid
    ; warning
    @(196.088 mm, 91.313 mm): Symbol R813 Pin 1 [Passive, Line]
[endpoint_off_grid]: Symbol pin or wire end off connection grid
    ; warning
    @(196.088 mm, 95.504 mm): Vertical Wire, length 4.699 mm
[endpoint_off_grid]: Symbol pin or wire end off connection grid
    ; warning
    @(196.088 mm, 107.823 mm): Symbol R814 Pin 1 [Passive, Line]
[endpoint_off_grid]: Symbol pin or wire end off connection grid
    ; warning
    @(196.088 mm, 111.379 mm): Vertical Wire, length 3.556 mm
[endpoint_off_grid]: Symbol pin or wire end off connection grid
    ; warning
    @(196.215 mm, 111.379 mm): Horizontal Wire, length 0.127 mm
[endpoint_off_grid]: Symbol pin or wire end off connection grid
    ; warning
    @(196.215 mm, 113.919 mm): Vertical Wire, length 2.54 mm
[endpoint_off_grid]: Symbol pin or wire end off connection grid
    ; warning
    @(196.215 mm, 113.919 mm): Symbol #PWR0811 Hidden pin 1 [GND, Power input, Line]
[endpoint_off_grid]: Symbol pin or wire end off connection grid
    ; warning
    @(202.565 mm, 51.943 mm): Symbol J805 Pin 1 [Pin_1, Passive, Line]
[endpoint_off_grid]: Symbol pin or wire end off connection grid
    ; warning
    @(202.565 mm, 51.943 mm): Horizontal Wire, length 6.477 mm
[endpoint_off_grid]: Symbol pin or wire end off connection grid
    ; warning
    @(205.359 mm, 70.104 mm): Horizontal Wire, length 5.461 mm
[endpoint_off_grid]: Symbol pin or wire end off connection grid
    ; warning
    @(205.359 mm, 70.104 mm): Symbol J806 Pin 1 [Pin_1, Passive, Line]
[footprint_link_issues]: Footprint 'Pin_D1.5mmx1mm' not found in library 'Connector_Pin'
    ; warning
    @(207.645 mm, 51.943 mm): Symbol J805 [Conn_01x01_Pin]
[footprint_link_issues]: Footprint 'Pin_D1.5mmx1mm' not found in library 'Connector_Pin'
    ; warning
    @(210.439 mm, 70.104 mm): Symbol J806 [Conn_01x01_Pin]
[endpoint_off_grid]: Symbol pin or wire end off connection grid
    ; warning
    @(213.36 mm, 95.504 mm): Horizontal Wire, length 17.272 mm
[endpoint_off_grid]: Symbol pin or wire end off connection grid
    ; warning
    @(213.36 mm, 101.981 mm): Vertical Wire, length 6.477 mm
[endpoint_off_grid]: Symbol pin or wire end off connection grid
    ; warning
    @(213.36 mm, 101.981 mm): Symbol D801 Pin 1 [K, Passive, Line]
[endpoint_off_grid]: Symbol pin or wire end off connection grid
    ; warning
    @(213.36 mm, 112.014 mm): Symbol #PWR0812 Hidden pin 1 [GND, Power input, Line]
[endpoint_off_grid]: Symbol pin or wire end off connection grid
    ; warning
    @(213.36 mm, 112.014 mm): Vertical Wire, length 4.953 mm
[endpoint_off_grid]: Symbol pin or wire end off connection grid
    ; warning
    @(232.283 mm, 59.944 mm): Symbol #PWR0814 Hidden pin 1 [+3.3V, Power input, Line]
[endpoint_off_grid]: Symbol pin or wire end off connection grid
    ; warning
    @(232.283 mm, 59.944 mm): Vertical Wire, length 1.905 mm
[endpoint_off_grid]: Symbol pin or wire end off connection grid
    ; warning
    @(232.283 mm, 77.089 mm): Symbol U801 Pin 4 [V-, Power input, Line]
[endpoint_off_grid]: Symbol pin or wire end off connection grid
    ; warning
    @(232.283 mm, 81.026 mm): Vertical Wire, length 3.937 mm
[endpoint_off_grid]: Symbol pin or wire end off connection grid
    ; warning
    @(232.283 mm, 81.026 mm): Symbol #PWR0813 Hidden pin 1 [GND, Power input, Line]
[footprint_link_issues]: Footprint 'Adafruit_SSD1306_No_Mounting_Holes_pads' not found in library 'Display'
    ; warning
    @(68.199 mm, 101.60 mm): Symbol J701 [Conn_01x07_Pin]
[endpoint_off_grid]: Symbol pin or wire end off connection grid
    ; warning
    @(73.279 mm, 93.98 mm): Symbol J701 Pin 1 [Pin_1, Passive, Line]
[endpoint_off_grid]: Symbol pin or wire end off connection grid
    ; warning
    @(73.279 mm, 96.52 mm): Horizontal Wire, length 30.988 mm
[endpoint_off_grid]: Symbol pin or wire end off connection grid
    ; warning
    @(84.709 mm, 99.06 mm): Horizontal Wire, length 11.43 mm
[isolated_pin_label]: Label connected to only one pin
    ; warning
    @(84.709 mm, 99.06 mm): Hierarchical Label 'SCL_1'
[endpoint_off_grid]: Symbol pin or wire end off connection grid
    ; warning
    @(84.709 mm, 101.60 mm): Horizontal Wire, length 11.43 mm
[isolated_pin_label]: Label connected to only one pin
    ; warning
    @(84.709 mm, 101.60 mm): Hierarchical Label 'SDA_1'
[endpoint_off_grid]: Symbol pin or wire end off connection grid
    ; warning
    @(84.709 mm, 104.14 mm): Horizontal Wire, length 11.43 mm
[isolated_pin_label]: Label connected to only one pin
    ; warning
    @(84.709 mm, 104.14 mm): Hierarchical Label 'RES_RPI'
[endpoint_off_grid]: Symbol pin or wire end off connection grid
    ; warning
    @(84.709 mm, 106.68 mm): Horizontal Wire, length 11.43 mm
[isolated_pin_label]: Label connected to only one pin
    ; warning
    @(84.709 mm, 106.68 mm): Hierarchical Label 'DC_RPI'
[endpoint_off_grid]: Symbol pin or wire end off connection grid
    ; warning
    @(84.709 mm, 109.22 mm): Horizontal Wire, length 11.43 mm
[isolated_pin_label]: Label connected to only one pin
    ; warning
    @(84.709 mm, 109.22 mm): Hierarchical Label 'BLK_RPI'
[endpoint_off_grid]: Symbol pin or wire end off connection grid
    ; warning
    @(93.726 mm, 93.98 mm): Horizontal Wire, length 20.447 mm
[endpoint_off_grid]: Symbol pin or wire end off connection grid
    ; warning
    @(93.726 mm, 93.98 mm): Symbol #PWR0701 Hidden pin 1 [GND, Power input, Line]
[endpoint_off_grid]: Symbol pin or wire end off connection grid
    ; warning
    @(96.012 mm, 73.152 mm): Symbol #PWR0702 Hidden pin 1 [+5F, Power input, Line]
[endpoint_off_grid]: Symbol pin or wire end off connection grid
    ; warning
    @(96.012 mm, 73.152 mm): Vertical Wire, length 7.874 mm
[endpoint_off_grid]: Symbol pin or wire end off connection grid
    ; warning
    @(96.012 mm, 81.026 mm): Horizontal Wire, length 3.175 mm
[endpoint_off_grid]: Symbol pin or wire end off connection grid
    ; warning
    @(99.187 mm, 81.026 mm): Symbol JP701 Pin 1 [A, Passive, Line]
[lib_symbol_mismatch]: Symbol 'SolderJumper_3_Bridged123' doesn't match copy in library 'Jumper'
    ; warning
    @(104.267 mm, 81.026 mm): Symbol JP701 [SolderJumper_3_Bridged123]
[endpoint_off_grid]: Symbol pin or wire end off connection grid
    ; warning
    @(104.267 mm, 96.52 mm): Vertical Wire, length 11.684 mm
[endpoint_off_grid]: Symbol pin or wire end off connection grid
    ; warning
    @(109.347 mm, 81.026 mm): Horizontal Wire, length 4.953 mm
[endpoint_off_grid]: Symbol pin or wire end off connection grid
    ; warning
    @(114.30 mm, 73.406 mm): Symbol #PWR0703 Hidden pin 1 [+3.3V, Power input, Line]
[endpoint_off_grid]: Symbol pin or wire end off connection grid
    ; warning
    @(114.30 mm, 81.026 mm): Vertical Wire, length 7.62 mm
[endpoint_off_grid]: Symbol pin or wire end off connection grid
    ; warning
    @(128.524 mm, 97.663 mm): Horizontal Wire, length 0.889 mm
[endpoint_off_grid]: Symbol pin or wire end off connection grid
    ; warning
    @(129.413 mm, 73.406 mm): Horizontal Wire, length 8.89 mm
[endpoint_off_grid]: Symbol pin or wire end off connection grid
    ; warning
    @(129.413 mm, 83.566 mm): Vertical Wire, length 10.16 mm
[endpoint_off_grid]: Symbol pin or wire end off connection grid
    ; warning
    @(129.413 mm, 83.566 mm): Symbol R701 Pin 1 [Passive, Line]
[endpoint_off_grid]: Symbol pin or wire end off connection grid
    ; warning
    @(129.413 mm, 91.186 mm): Vertical Wire, length 6.477 mm
[endpoint_off_grid]: Symbol pin or wire end off connection grid
    ; warning
    @(129.413 mm, 97.663 mm): Vertical Wire, length 10.033 mm
[endpoint_off_grid]: Symbol pin or wire end off connection grid
    ; warning
    @(129.413 mm, 107.696 mm): Horizontal Wire, length 31.75 mm
[endpoint_off_grid]: Symbol pin or wire end off connection grid
    ; warning
    @(137.414 mm, 99.822 mm): Horizontal Wire, length 0.889 mm
[endpoint_off_grid]: Symbol pin or wire end off connection grid
    ; warning
    @(138.303 mm, 73.406 mm): Vertical Wire, length 10.16 mm
[endpoint_off_grid]: Symbol pin or wire end off connection grid
    ; warning
    @(138.303 mm, 73.406 mm): Symbol #PWR0704 Hidden pin 1 [+3.3V, Power input, Line]
[endpoint_off_grid]: Symbol pin or wire end off connection grid
    ; warning
    @(138.303 mm, 83.566 mm): Symbol R702 Pin 1 [Passive, Line]
[endpoint_off_grid]: Symbol pin or wire end off connection grid
    ; warning
    @(138.303 mm, 91.186 mm): Vertical Wire, length 8.636 mm
[endpoint_off_grid]: Symbol pin or wire end off connection grid
    ; warning
    @(138.303 mm, 99.822 mm): Vertical Wire, length 2.794 mm
[endpoint_off_grid]: Symbol pin or wire end off connection grid
    ; warning
    @(138.303 mm, 102.616 mm): Horizontal Wire, length 22.86 mm
[endpoint_off_grid]: Symbol pin or wire end off connection grid
    ; warning
    @(143.383 mm, 94.996 mm): Symbol #PWR0705 Hidden pin 1 [+5F, Power input, Line]
[endpoint_off_grid]: Symbol pin or wire end off connection grid
    ; warning
    @(143.383 mm, 94.996 mm): Vertical Wire, length 5.08 mm
[endpoint_off_grid]: Symbol pin or wire end off connection grid
    ; warning
    @(143.383 mm, 100.076 mm): Vertical Wire, length 5.08 mm
[endpoint_off_grid]: Symbol pin or wire end off connection grid
    ; warning
    @(143.383 mm, 100.076 mm): Horizontal Wire, length 17.78 mm
[endpoint_off_grid]: Symbol pin or wire end off connection grid
    ; warning
    @(143.383 mm, 105.156 mm): Horizontal Wire, length 17.78 mm
[endpoint_off_grid]: Symbol pin or wire end off connection grid
    ; warning
    @(154.813 mm, 86.106 mm): Symbol #PWR0706 Hidden pin 1 [+3.3V, Power input, Line]
[endpoint_off_grid]: Symbol pin or wire end off connection grid
    ; warning
    @(154.813 mm, 86.106 mm): Vertical Wire, length 11.43 mm
[endpoint_off_grid]: Symbol pin or wire end off connection grid
    ; warning
    @(154.813 mm, 97.536 mm): Horizontal Wire, length 6.35 mm
[endpoint_off_grid]: Symbol pin or wire end off connection grid
    ; warning
    @(154.813 mm, 110.236 mm): Horizontal Wire, length 6.35 mm
[endpoint_off_grid]: Symbol pin or wire end off connection grid
    ; warning
    @(154.813 mm, 116.586 mm): Symbol #PWR0707 Hidden pin 1 [GND, Power input, Line]
[endpoint_off_grid]: Symbol pin or wire end off connection grid
    ; warning
    @(154.813 mm, 116.586 mm): Vertical Wire, length 6.35 mm
[endpoint_off_grid]: Symbol pin or wire end off connection grid
    ; warning
    @(161.163 mm, 97.536 mm): Symbol J702 Pin 1 [Pin_1, Passive, Line]

***** Sheet /ucontroller_pic18F46j50/
[hier_label_mismatch]: Hierarchical label mclr has no matching sheet pin in the parent sheet
    ; error
    @(88.138 mm, 47.498 mm): Hierarchical Label 'mclr'
[hier_label_mismatch]: Hierarchical label RA0 has no matching sheet pin in the parent sheet
    ; error
    @(88.138 mm, 50.038 mm): Hierarchical Label 'RA0'
[pin_not_driven]: Input pin not driven by any Output pins
    ; error
    @(88.138 mm, 50.038 mm): Symbol U201 Pin 19 [RA0/AN0/C1INA/ULPWU/PMA6/RP0, Input, Line]
[hier_label_mismatch]: Hierarchical label RA1 has no matching sheet pin in the parent sheet
    ; error
    @(88.138 mm, 52.578 mm): Hierarchical Label 'RA1'
[pin_not_driven]: Input pin not driven by any Output pins
    ; error
    @(88.138 mm, 52.578 mm): Symbol U201 Pin 20 [RA1/AN1/C2INA/PMA7/RP1, Input, Line]
[hier_label_mismatch]: Hierarchical label VREF- has no matching sheet pin in the parent sheet
    ; error
    @(88.138 mm, 55.118 mm): Hierarchical Label 'VREF-'
[pin_not_driven]: Input pin not driven by any Output pins
    ; error
    @(88.138 mm, 55.118 mm): Symbol U201 Pin 21 [RA2/AN2/VREF-/CVREF-/C2INB, Input, Line]
[hier_label_mismatch]: Hierarchical label VREF+ has no matching sheet pin in the parent sheet
    ; error
    @(88.138 mm, 57.658 mm): Hierarchical Label 'VREF+'
[pin_not_driven]: Input pin not driven by any Output pins
    ; error
    @(88.138 mm, 57.658 mm): Symbol U201 Pin 22 [RA3/AN3/VREF+/C1INB, Input, Line]
[hier_label_mismatch]: Hierarchical label RA5 has no matching sheet pin in the parent sheet
    ; error
    @(88.138 mm, 60.198 mm): Hierarchical Label 'RA5'
[pin_not_driven]: Input pin not driven by any Output pins
    ; error
    @(88.138 mm, 60.198 mm): Symbol U201 Pin 24 [RA5/AN4/~SS1/HLVDIN/RCV/RP2, Input, Line]
[hier_label_mismatch]: Hierarchical label RB0 has no matching sheet pin in the parent sheet
    ; error
    @(88.138 mm, 62.738 mm): Hierarchical Label 'RB0'
[pin_not_driven]: Input pin not driven by any Output pins
    ; error
    @(88.138 mm, 62.738 mm): Symbol U201 Pin 8 [RB0/AN12/INT0/RP3, Input, Line]
[pin_not_connected]: Pin not connected
    ; error
    @(88.138 mm, 67.818 mm): Symbol U201 Pin 12 [NC, Bidirectional, Line]
[hier_label_mismatch]: Hierarchical label AN10 has no matching sheet pin in the parent sheet
    ; error
    @(88.138 mm, 80.518 mm): Hierarchical Label 'AN10'
[hier_label_mismatch]: Hierarchical label AN8 has no matching sheet pin in the parent sheet
    ; error
    @(88.138 mm, 83.058 mm): Hierarchical Label 'AN8'
[hier_label_mismatch]: Hierarchical label AN9 has no matching sheet pin in the parent sheet
    ; error
    @(88.138 mm, 85.598 mm): Hierarchical Label 'AN9'
[hier_label_mismatch]: Hierarchical label RC0 has no matching sheet pin in the parent sheet
    ; error
    @(88.138 mm, 93.218 mm): Hierarchical Label 'RC0'
[hier_label_mismatch]: Hierarchical label RC1 has no matching sheet pin in the parent sheet
    ; error
    @(88.138 mm, 95.758 mm): Hierarchical Label 'RC1'
[hier_label_mismatch]: Hierarchical label AN11 has no matching sheet pin in the parent sheet
    ; error
    @(88.138 mm, 98.298 mm): Hierarchical Label 'AN11'
[hier_label_mismatch]: Hierarchical label SCL_2 has no matching sheet pin in the parent sheet
    ; error
    @(88.138 mm, 105.918 mm): Hierarchical Label 'SCL_2'
[hier_label_mismatch]: Hierarchical label SDA_2 has no matching sheet pin in the parent sheet
    ; error
    @(88.138 mm, 108.458 mm): Hierarchical Label 'SDA_2'
[hier_label_mismatch]: Hierarchical label RD2 has no matching sheet pin in the parent sheet
    ; error
    @(88.138 mm, 110.998 mm): Hierarchical Label 'RD2'
[hier_label_mismatch]: Hierarchical label RD3 has no matching sheet pin in the parent sheet
    ; error
    @(88.138 mm, 113.538 mm): Hierarchical Label 'RD3'
[hier_label_mismatch]: Hierarchical label RE0 has no matching sheet pin in the parent sheet
    ; error
    @(88.138 mm, 118.618 mm): Hierarchical Label 'RE0'
[hier_label_mismatch]: Hierarchical label RE1 has no matching sheet pin in the parent sheet
    ; error
    @(88.138 mm, 121.158 mm): Hierarchical Label 'RE1'
[hier_label_mismatch]: Hierarchical label RE2 has no matching sheet pin in the parent sheet
    ; error
    @(88.138 mm, 123.698 mm): Hierarchical Label 'RE2'
[power_pin_not_driven]: Input Power pin not driven by any Output Power pins
    ; error
    @(194.818 mm, 42.418 mm): Symbol U201 Pin 23 [VDDCORE/VCAP, Power input, Line]
[hier_label_mismatch]: Hierarchical label SCL_1 has no matching sheet pin in the parent sheet
    ; error
    @(194.818 mm, 62.738 mm): Hierarchical Label 'SCL_1'
[hier_label_mismatch]: Hierarchical label SDA_1 has no matching sheet pin in the parent sheet
    ; error
    @(194.818 mm, 65.278 mm): Hierarchical Label 'SDA_1'
[hier_label_mismatch]: Hierarchical label VDD_CORE has no matching sheet pin in the parent sheet
    ; error
    @(198.374 mm, 42.418 mm): Hierarchical Label 'VDD_CORE'
[hier_label_mismatch]: Hierarchical label RC6 has no matching sheet pin in the parent sheet
    ; error
    @(198.628 mm, 98.298 mm): Hierarchical Label 'RC6'
[hier_label_mismatch]: Hierarchical label RC7 has no matching sheet pin in the parent sheet
    ; error
    @(198.628 mm, 100.838 mm): Hierarchical Label 'RC7'
[hier_label_mismatch]: Hierarchical label RD4 has no matching sheet pin in the parent sheet
    ; error
    @(200.66 mm, 105.918 mm): Hierarchical Label 'RD4'
[hier_label_mismatch]: Hierarchical label RD5 has no matching sheet pin in the parent sheet
    ; error
    @(200.66 mm, 108.458 mm): Hierarchical Label 'RD5'
[hier_label_mismatch]: Hierarchical label RD6 has no matching sheet pin in the parent sheet
    ; error
    @(200.66 mm, 110.998 mm): Hierarchical Label 'RD6'
[hier_label_mismatch]: Hierarchical label RD7 has no matching sheet pin in the parent sheet
    ; error
    @(200.66 mm, 113.538 mm): Hierarchical Label 'RD7'
[pin_not_connected]: Pin not connected
    ; error
    @(247.65 mm, 95.885 mm): Symbol J204 Pin 4 [ID, Passive, Line]
[hier_label_mismatch]: Hierarchical label pgd has no matching sheet pin in the parent sheet
    ; error
    @(262.153 mm, 56.794 mm): Hierarchical Label 'pgd'
[hier_label_mismatch]: Hierarchical label pgc has no matching sheet pin in the parent sheet
    ; error
    @(262.23 mm, 59.334 mm): Hierarchical Label 'pgc'
[similar_labels]: Labels are similar (lower/upper case difference only)
    ; warning
    @(194.818 mm, 67.818 mm): Hierarchical Label 'pgc'
    @(189.865 mm, 44.45 mm): Hierarchical Label 'PGC'
[similar_labels]: Labels are similar (lower/upper case difference only)
    ; warning
    @(194.818 mm, 70.358 mm): Hierarchical Label 'pgd'
    @(189.865 mm, 41.91 mm): Hierarchical Label 'PGD'
[similar_labels]: Labels are similar (lower/upper case difference only)
    ; warning
    @(262.153 mm, 56.794 mm): Hierarchical Label 'pgd'
    @(189.865 mm, 41.91 mm): Hierarchical Label 'PGD'
[similar_labels]: Labels are similar (lower/upper case difference only)
    ; warning
    @(262.23 mm, 59.334 mm): Hierarchical Label 'pgc'
    @(189.865 mm, 44.45 mm): Hierarchical Label 'PGC'

***** Sheet /Display_Oled_Rigth/
[hier_label_mismatch]: Hierarchical label SCL_2 has no matching sheet pin in the parent sheet
    ; error
    @(143.84 mm, 100.00 mm): Hierarchical Label 'SCL_2'
[hier_label_mismatch]: Hierarchical label SDA_2 has no matching sheet pin in the parent sheet
    ; error
    @(157.556 mm, 104.191 mm): Hierarchical Label 'SDA_2'
[hier_label_mismatch]: Hierarchical label SCL_1 has no matching sheet pin in the parent sheet
    ; error
    @(234.391 mm, 105.715 mm): Hierarchical Label 'SCL_1'
[hier_label_mismatch]: Hierarchical label SDA_1 has no matching sheet pin in the parent sheet
    ; error
    @(234.391 mm, 108.255 mm): Hierarchical Label 'SDA_1'
[hier_label_mismatch]: Hierarchical label RES_RPI has no matching sheet pin in the parent sheet
    ; error
    @(234.391 mm, 110.795 mm): Hierarchical Label 'RES_RPI'
[hier_label_mismatch]: Hierarchical label DC_RPI has no matching sheet pin in the parent sheet
    ; error
    @(234.391 mm, 113.335 mm): Hierarchical Label 'DC_RPI'
[hier_label_mismatch]: Hierarchical label BLK_RPI has no matching sheet pin in the parent sheet
    ; error
    @(234.391 mm, 115.875 mm): Hierarchical Label 'BLK_RPI'

***** Sheet /Display_LCD/
[hier_label_mismatch]: Hierarchical label VO has no matching sheet pin in the parent sheet
    ; error
    @(108.61 mm, 86.817 mm): Hierarchical Label 'VO'
[hier_label_mismatch]: Hierarchical label RC0 has no matching sheet pin in the parent sheet
    ; error
    @(112.37 mm, 109.677 mm): Hierarchical Label 'RC0'
[power_pin_not_driven]: Input Power pin not driven by any Output Power pins
    ; error
    @(139.70 mm, 100.965 mm): Symbol DS1 Pin 15 [LED(+), Power input, Line]
[power_pin_not_driven]: Input Power pin not driven by any Output Power pins
    ; error
    @(139.70 mm, 103.505 mm): Symbol DS1 Pin 16 [LED(-), Power input, Line]
[power_pin_not_driven]: Input Power pin not driven by any Output Power pins
    ; error
    @(149.555 mm, 86.97 mm): Symbol #PWR01 Hidden pin 1 [+5F, Power input, Line]
[pin_not_driven]: Input pin not driven by any Output pins
    ; error
    @(160.02 mm, 93.345 mm): Symbol DS1 Pin 6 [E, Input, Line]
[pin_not_driven]: Input pin not driven by any Output pins
    ; error
    @(160.02 mm, 98.425 mm): Symbol DS1 Pin 4 [RS, Input, Line]
[hier_label_mismatch]: Hierarchical label RD3 has no matching sheet pin in the parent sheet
    ; error
    @(163.627 mm, 98.146 mm): Hierarchical Label 'RD3'
[hier_label_mismatch]: Hierarchical label RD2 has no matching sheet pin in the parent sheet
    ; error
    @(163.678 mm, 93.066 mm): Hierarchical Label 'RD2'
[pin_not_connected]: Pin not connected
    ; error
    @(183.515 mm, 128.905 mm): Symbol U1 Pin 9 [QH', Output, Line]
[pin_not_driven]: Input pin not driven by any Output pins
    ; error
    @(203.835 mm, 106.045 mm): Symbol U1 Pin 14 [SER, Input, Line]
[pin_not_driven]: Input pin not driven by any Output pins
    ; error
    @(203.835 mm, 111.125 mm): Symbol U1 Pin 11 [SRCLK, Input, Line]
[pin_not_driven]: Input pin not driven by any Output pins
    ; error
    @(203.835 mm, 113.665 mm): Symbol U1 Pin 10 [~{SRCLR}, Input, Line]
[hier_label_mismatch]: Hierarchical label RC1 has no matching sheet pin in the parent sheet
    ; error
    @(205.842 mm, 105.766 mm): Hierarchical Label 'RC1'
[hier_label_mismatch]: Hierarchical label RE2 has no matching sheet pin in the parent sheet
    ; error
    @(206.096 mm, 110.846 mm): Hierarchical Label 'RE2'
[hier_label_mismatch]: Hierarchical label RE1 has no matching sheet pin in the parent sheet
    ; error
    @(206.096 mm, 113.386 mm): Hierarchical Label 'RE1'

***** Sheet /Digital_Control/
[hier_label_mismatch]: Hierarchical label RC6 has no matching sheet pin in the parent sheet
    ; error
    @(37.211 mm, 86.868 mm): Hierarchical Label 'RC6'
[hier_label_mismatch]: Hierarchical label RC7 has no matching sheet pin in the parent sheet
    ; error
    @(48.514 mm, 90.678 mm): Hierarchical Label 'RC7'
[hier_label_mismatch]: Hierarchical label RE0 has no matching sheet pin in the parent sheet
    ; error
    @(49.276 mm, 105.918 mm): Hierarchical Label 'RE0'
[pin_not_driven]: Input pin not driven by any Output pins
    ; error
    @(54.737 mm, 105.029 mm): Symbol U503 Pin 1 [~{CS}, Input, Input low]
[hier_label_mismatch]: Hierarchical label RE1 has no matching sheet pin in the parent sheet
    ; error
    @(93.98 mm, 119.507 mm): Hierarchical Label 'RE1'
[pin_not_driven]: Input pin not driven by any Output pins
    ; error
    @(100.584 mm, 99.949 mm): Symbol U502 Pin 3 [SI, Input, Line]
[pin_not_driven]: Input pin not driven by any Output pins
    ; error
    @(100.584 mm, 102.489 mm): Symbol U502 Pin 1 [~{CS}, Input, Input low]
[hier_label_mismatch]: Hierarchical label RE2 has no matching sheet pin in the parent sheet
    ; error
    @(137.795 mm, 119.761 mm): Hierarchical Label 'RE2'
[pin_not_driven]: Input pin not driven by any Output pins
    ; error
    @(145.288 mm, 103.378 mm): Symbol U501 Pin 1 [~{CS}, Input, Input low]
[hier_label_mismatch]: Hierarchical label CS_4 has no matching sheet pin in the parent sheet
    ; error
    @(188.341 mm, 118.618 mm): Hierarchical Label 'CS_4'
[pin_not_driven]: Input pin not driven by any Output pins
    ; error
    @(196.469 mm, 102.997 mm): Symbol U505 Pin 1 [~{CS}, Input, Input low]

***** Sheet /Power_Distribution/
[pin_to_pin]: Pins of type Power output and Power output are connected
    ; error
    @(119.253 mm, 106.68 mm): Symbol U601 Pin 2 [VO, Power output, Line]
    @(131.445 mm, 26.67 mm): Symbol U1101 Pin 85 [VCAP/VDDCORE, Power output, Line]

***** Sheet /Display_Oled_Left/
[hier_label_mismatch]: Hierarchical label SCL_1 has no matching sheet pin in the parent sheet
    ; error
    @(84.709 mm, 99.06 mm): Hierarchical Label 'SCL_1'
[hier_label_mismatch]: Hierarchical label SDA_1 has no matching sheet pin in the parent sheet
    ; error
    @(84.709 mm, 101.60 mm): Hierarchical Label 'SDA_1'
[hier_label_mismatch]: Hierarchical label RES_RPI has no matching sheet pin in the parent sheet
    ; error
    @(84.709 mm, 104.14 mm): Hierarchical Label 'RES_RPI'
[hier_label_mismatch]: Hierarchical label DC_RPI has no matching sheet pin in the parent sheet
    ; error
    @(84.709 mm, 106.68 mm): Hierarchical Label 'DC_RPI'
[hier_label_mismatch]: Hierarchical label BLK_RPI has no matching sheet pin in the parent sheet
    ; error
    @(84.709 mm, 109.22 mm): Hierarchical Label 'BLK_RPI'
[hier_label_mismatch]: Hierarchical label SCL_2 has no matching sheet pin in the parent sheet
    ; error
    @(128.524 mm, 97.663 mm): Hierarchical Label 'SCL_2'
[hier_label_mismatch]: Hierarchical label SDA_2 has no matching sheet pin in the parent sheet
    ; error
    @(137.414 mm, 99.822 mm): Hierarchical Label 'SDA_2'

***** Sheet /Analogs_Control/
[hier_label_mismatch]: Hierarchical label AN9 has no matching sheet pin in the parent sheet
    ; error
    @(46.609 mm, 152.146 mm): Hierarchical Label 'AN9'
[hier_label_mismatch]: Hierarchical label AMPER has no matching sheet pin in the parent sheet
    ; error
    @(60.706 mm, 69.469 mm): Hierarchical Label 'AMPER'
[hier_label_mismatch]: Hierarchical label AN10 has no matching sheet pin in the parent sheet
    ; error
    @(77.724 mm, 153.543 mm): Hierarchical Label 'AN10'
[pin_not_connected]: Pin not connected
    ; error
    @(114.173 mm, 83.058 mm): Symbol RV801 Pin 1 [1, Passive, Line]
[hier_label_mismatch]: Hierarchical label AN8 has no matching sheet pin in the parent sheet
    ; error
    @(143.002 mm, 75.057 mm): Hierarchical Label 'AN8'

***** Sheet /Leds_Ports/
[hier_label_mismatch]: Hierarchical label RD4 has no matching sheet pin in the parent sheet
    ; error
    @(150.495 mm, 90.043 mm): Hierarchical Label 'RD4'
[hier_label_mismatch]: Hierarchical label RD5 has no matching sheet pin in the parent sheet
    ; error
    @(150.495 mm, 92.583 mm): Hierarchical Label 'RD5'
[hier_label_mismatch]: Hierarchical label RD6 has no matching sheet pin in the parent sheet
    ; error
    @(150.495 mm, 95.123 mm): Hierarchical Label 'RD6'
[hier_label_mismatch]: Hierarchical label RD7 has no matching sheet pin in the parent sheet
    ; error
    @(150.495 mm, 97.663 mm): Hierarchical Label 'RD7'

***** Sheet /Buttons/
[hier_label_mismatch]: Hierarchical label GPIO20 has no matching sheet pin in the parent sheet
    ; error
    @(140.335 mm, 72.517 mm): Hierarchical Label 'GPIO20'
[hier_label_mismatch]: Hierarchical label GPIO21 has no matching sheet pin in the parent sheet
    ; error
    @(142.621 mm, 94.107 mm): Hierarchical Label 'GPIO21'
[hier_label_mismatch]: Hierarchical label GPIO23 has no matching sheet pin in the parent sheet
    ; error
    @(144.272 mm, 105.537 mm): Hierarchical Label 'GPIO23'
[hier_label_mismatch]: Hierarchical label GPIO22 has no matching sheet pin in the parent sheet
    ; error
    @(149.098 mm, 115.697 mm): Hierarchical Label 'GPIO22'
[hier_label_mismatch]: Hierarchical label GPIO24 has no matching sheet pin in the parent sheet
    ; error
    @(199.517 mm, 73.66 mm): Hierarchical Label 'GPIO24'
[missing_unit]: Symbol SW1001 has unplaced units [ B ]
    ; warning
    @(108.331 mm, 117.602 mm): Symbol SW1001 [SW_Push_Dual_x2]
[missing_unit]: Symbol SW1002 has unplaced units [ B ]
    ; warning
    @(108.458 mm, 72.517 mm): Symbol SW1002 [SW_Push_Dual_x2]
[missing_unit]: Symbol SW1003 has unplaced units [ B ]
    ; warning
    @(108.458 mm, 94.107 mm): Symbol SW1003 [SW_Push_Dual_x2]
[missing_unit]: Symbol SW1004 has unplaced units [ B ]
    ; warning
    @(108.458 mm, 105.537 mm): Symbol SW1004 [SW_Push_Dual_x2]
[missing_unit]: Symbol SW1005 has unplaced units [ B ]
    ; warning
    @(167.64 mm, 73.66 mm): Symbol SW1005 [SW_Push_Dual_x2]

***** Sheet /PIM100/
[hier_label_mismatch]: Hierarchical label osc1 has no matching sheet pin in the parent sheet
    ; error
    @(80.645 mm, 77.47 mm): Hierarchical Label 'osc1'
[hier_label_mismatch]: Hierarchical label osc2 has no matching sheet pin in the parent sheet
    ; error
    @(80.645 mm, 85.09 mm): Hierarchical Label 'osc2'
[hier_label_mismatch]: Hierarchical label vbus has no matching sheet pin in the parent sheet
    ; error
    @(80.772 mm, 151.003 mm): Hierarchical Label 'vbus'
[hier_label_mismatch]: Hierarchical label rg2_d+ has no matching sheet pin in the parent sheet
    ; error
    @(81.915 mm, 123.19 mm): Hierarchical Label 'rg2_d+'
[hier_label_mismatch]: Hierarchical label rg3_d- has no matching sheet pin in the parent sheet
    ; error
    @(81.915 mm, 125.73 mm): Hierarchical Label 'rg3_d-'
[hier_label_mismatch]: Hierarchical label RA0 has no matching sheet pin in the parent sheet
    ; error
    @(90.805 mm, 34.29 mm): Hierarchical Label 'RA0'
[hier_label_mismatch]: Hierarchical label RA1 has no matching sheet pin in the parent sheet
    ; error
    @(90.805 mm, 36.83 mm): Hierarchical Label 'RA1'
[hier_label_mismatch]: Hierarchical label VREF- has no matching sheet pin in the parent sheet
    ; error
    @(90.805 mm, 39.37 mm): Hierarchical Label 'VREF-'
[hier_label_mismatch]: Hierarchical label VREF+ has no matching sheet pin in the parent sheet
    ; error
    @(90.805 mm, 41.91 mm): Hierarchical Label 'VREF+'
[hier_label_mismatch]: Hierarchical label RA4 has no matching sheet pin in the parent sheet
    ; error
    @(90.805 mm, 44.45 mm): Hierarchical Label 'RA4'
[hier_label_mismatch]: Hierarchical label RA5 has no matching sheet pin in the parent sheet
    ; error
    @(90.805 mm, 46.99 mm): Hierarchical Label 'RA5'
[hier_label_mismatch]: Hierarchical label ra6 has no matching sheet pin in the parent sheet
    ; error
    @(90.805 mm, 49.53 mm): Hierarchical Label 'ra6'
[hier_label_mismatch]: Hierarchical label ra7 has no matching sheet pin in the parent sheet
    ; error
    @(90.805 mm, 52.07 mm): Hierarchical Label 'ra7'
[hier_label_mismatch]: Hierarchical label ra9 has no matching sheet pin in the parent sheet
    ; error
    @(90.805 mm, 54.61 mm): Hierarchical Label 'ra9'
[hier_label_mismatch]: Hierarchical label ra10 has no matching sheet pin in the parent sheet
    ; error
    @(90.805 mm, 57.15 mm): Hierarchical Label 'ra10'
[hier_label_mismatch]: Hierarchical label ra14 has no matching sheet pin in the parent sheet
    ; error
    @(90.805 mm, 59.69 mm): Hierarchical Label 'ra14'
[hier_label_mismatch]: Hierarchical label ra15 has no matching sheet pin in the parent sheet
    ; error
    @(90.805 mm, 62.23 mm): Hierarchical Label 'ra15'
[hier_label_mismatch]: Hierarchical label RC1 has no matching sheet pin in the parent sheet
    ; error
    @(90.805 mm, 67.31 mm): Hierarchical Label 'RC1'
[hier_label_mismatch]: Hierarchical label RC2 has no matching sheet pin in the parent sheet
    ; error
    @(90.805 mm, 69.85 mm): Hierarchical Label 'RC2'
[hier_label_mismatch]: Hierarchical label RC3 has no matching sheet pin in the parent sheet
    ; error
    @(90.805 mm, 72.39 mm): Hierarchical Label 'RC3'
[hier_label_mismatch]: Hierarchical label RC4 has no matching sheet pin in the parent sheet
    ; error
    @(90.805 mm, 74.93 mm): Hierarchical Label 'RC4'
[hier_label_mismatch]: Hierarchical label rc13 has no matching sheet pin in the parent sheet
    ; error
    @(90.805 mm, 80.01 mm): Hierarchical Label 'rc13'
[hier_label_mismatch]: Hierarchical label rc14 has no matching sheet pin in the parent sheet
    ; error
    @(90.805 mm, 82.55 mm): Hierarchical Label 'rc14'
[hier_label_mismatch]: Hierarchical label RE0 has no matching sheet pin in the parent sheet
    ; error
    @(90.805 mm, 90.17 mm): Hierarchical Label 'RE0'
[hier_label_mismatch]: Hierarchical label RE1 has no matching sheet pin in the parent sheet
    ; error
    @(90.805 mm, 92.71 mm): Hierarchical Label 'RE1'
[hier_label_mismatch]: Hierarchical label RE2 has no matching sheet pin in the parent sheet
    ; error
    @(90.805 mm, 95.25 mm): Hierarchical Label 'RE2'
[hier_label_mismatch]: Hierarchical label RE3 has no matching sheet pin in the parent sheet
    ; error
    @(90.805 mm, 97.79 mm): Hierarchical Label 'RE3'
[hier_label_mismatch]: Hierarchical label RE4 has no matching sheet pin in the parent sheet
    ; error
    @(90.805 mm, 100.33 mm): Hierarchical Label 'RE4'
[hier_label_mismatch]: Hierarchical label RE5 has no matching sheet pin in the parent sheet
    ; error
    @(90.805 mm, 102.87 mm): Hierarchical Label 'RE5'
[hier_label_mismatch]: Hierarchical label re6 has no matching sheet pin in the parent sheet
    ; error
    @(90.805 mm, 105.41 mm): Hierarchical Label 're6'
[hier_label_mismatch]: Hierarchical label re7 has no matching sheet pin in the parent sheet
    ; error
    @(90.805 mm, 107.95 mm): Hierarchical Label 're7'
[hier_label_mismatch]: Hierarchical label re8 has no matching sheet pin in the parent sheet
    ; error
    @(90.805 mm, 110.49 mm): Hierarchical Label 're8'
[hier_label_mismatch]: Hierarchical label re9 has no matching sheet pin in the parent sheet
    ; error
    @(90.805 mm, 113.03 mm): Hierarchical Label 're9'
[hier_label_mismatch]: Hierarchical label rg0 has no matching sheet pin in the parent sheet
    ; error
    @(90.805 mm, 118.11 mm): Hierarchical Label 'rg0'
[hier_label_mismatch]: Hierarchical label rg1 has no matching sheet pin in the parent sheet
    ; error
    @(90.805 mm, 120.65 mm): Hierarchical Label 'rg1'
[hier_label_mismatch]: Hierarchical label rg6 has no matching sheet pin in the parent sheet
    ; error
    @(90.805 mm, 128.27 mm): Hierarchical Label 'rg6'
[hier_label_mismatch]: Hierarchical label rg7 has no matching sheet pin in the parent sheet
    ; error
    @(90.805 mm, 130.81 mm): Hierarchical Label 'rg7'
[hier_label_mismatch]: Hierarchical label rg8 has no matching sheet pin in the parent sheet
    ; error
    @(90.805 mm, 133.35 mm): Hierarchical Label 'rg8'
[hier_label_mismatch]: Hierarchical label rg9 has no matching sheet pin in the parent sheet
    ; error
    @(90.805 mm, 135.89 mm): Hierarchical Label 'rg9'
[hier_label_mismatch]: Hierarchical label rg12 has no matching sheet pin in the parent sheet
    ; error
    @(90.805 mm, 138.43 mm): Hierarchical Label 'rg12'
[hier_label_mismatch]: Hierarchical label rg13 has no matching sheet pin in the parent sheet
    ; error
    @(90.805 mm, 140.97 mm): Hierarchical Label 'rg13'
[hier_label_mismatch]: Hierarchical label rg14 has no matching sheet pin in the parent sheet
    ; error
    @(90.805 mm, 143.51 mm): Hierarchical Label 'rg14'
[hier_label_mismatch]: Hierarchical label rg15 has no matching sheet pin in the parent sheet
    ; error
    @(90.805 mm, 146.05 mm): Hierarchical Label 'rg15'
[pin_not_connected]: Pin not connected
    ; error
    @(90.805 mm, 151.13 mm): Symbol U1101 Pin 54 [VBUS, Input, Line]
[pin_not_driven]: Input pin not driven by any Output pins
    ; error
    @(90.805 mm, 151.13 mm): Symbol U1101 Pin 54 [VBUS, Input, Line]
[pin_not_connected]: Pin not connected
    ; error
    @(118.745 mm, 158.75 mm): Symbol U1101 Pin 15 [VSS, Power input, Line]
[power_pin_not_driven]: Input Power pin not driven by any Output Power pins
    ; error
    @(118.745 mm, 158.75 mm): Symbol U1101 Pin 15 [VSS, Power input, Line]
[pin_not_connected]: Pin not connected
    ; error
    @(123.825 mm, 158.75 mm): Symbol U1101 Pin 31 [AVSS, Power input, Line]
[power_pin_not_driven]: Input Power pin not driven by any Output Power pins
    ; error
    @(123.825 mm, 158.75 mm): Symbol U1101 Pin 31 [AVSS, Power input, Line]
[pin_not_driven]: Input pin not driven by any Output pins
    ; error
    @(151.765 mm, 36.83 mm): Symbol U1101 Pin 13 [~{MCLR}, Input, Line]
[hier_label_mismatch]: Hierarchical label RB0 has no matching sheet pin in the parent sheet
    ; error
    @(151.765 mm, 46.99 mm): Hierarchical Label 'RB0'
[hier_label_mismatch]: Hierarchical label AN8 has no matching sheet pin in the parent sheet
    ; error
    @(151.765 mm, 49.53 mm): Hierarchical Label 'AN8'
[hier_label_mismatch]: Hierarchical label AN9 has no matching sheet pin in the parent sheet
    ; error
    @(151.765 mm, 52.07 mm): Hierarchical Label 'AN9'
[hier_label_mismatch]: Hierarchical label AN10 has no matching sheet pin in the parent sheet
    ; error
    @(151.765 mm, 54.61 mm): Hierarchical Label 'AN10'
[hier_label_mismatch]: Hierarchical label mclr has no matching sheet pin in the parent sheet
    ; error
    @(189.865 mm, 36.83 mm): Hierarchical Label 'mclr'
[hier_label_mismatch]: Hierarchical label PGD has no matching sheet pin in the parent sheet
    ; error
    @(189.865 mm, 41.91 mm): Hierarchical Label 'PGD'
[hier_label_mismatch]: Hierarchical label PGC has no matching sheet pin in the parent sheet
    ; error
    @(189.865 mm, 44.45 mm): Hierarchical Label 'PGC'
[hier_label_mismatch]: Hierarchical label RB6 has no matching sheet pin in the parent sheet
    ; error
    @(189.865 mm, 57.15 mm): Hierarchical Label 'RB6'
[hier_label_mismatch]: Hierarchical label RB7 has no matching sheet pin in the parent sheet
    ; error
    @(189.865 mm, 59.69 mm): Hierarchical Label 'RB7'
[hier_label_mismatch]: Hierarchical label rb8 has no matching sheet pin in the parent sheet
    ; error
    @(189.865 mm, 62.23 mm): Hierarchical Label 'rb8'
[hier_label_mismatch]: Hierarchical label rb9 has no matching sheet pin in the parent sheet
    ; error
    @(189.865 mm, 64.77 mm): Hierarchical Label 'rb9'
[hier_label_mismatch]: Hierarchical label rb10 has no matching sheet pin in the parent sheet
    ; error
    @(189.865 mm, 67.31 mm): Hierarchical Label 'rb10'
[hier_label_mismatch]: Hierarchical label rb11 has no matching sheet pin in the parent sheet
    ; error
    @(189.865 mm, 69.85 mm): Hierarchical Label 'rb11'
[hier_label_mismatch]: Hierarchical label rb12 has no matching sheet pin in the parent sheet
    ; error
    @(189.865 mm, 72.39 mm): Hierarchical Label 'rb12'
[hier_label_mismatch]: Hierarchical label rb13 has no matching sheet pin in the parent sheet
    ; error
    @(189.865 mm, 74.93 mm): Hierarchical Label 'rb13'
[hier_label_mismatch]: Hierarchical label rb14 has no matching sheet pin in the parent sheet
    ; error
    @(189.865 mm, 77.47 mm): Hierarchical Label 'rb14'
[hier_label_mismatch]: Hierarchical label rb15 has no matching sheet pin in the parent sheet
    ; error
    @(189.865 mm, 80.01 mm): Hierarchical Label 'rb15'
[hier_label_mismatch]: Hierarchical label RD0 has no matching sheet pin in the parent sheet
    ; error
    @(189.865 mm, 85.09 mm): Hierarchical Label 'RD0'
[hier_label_mismatch]: Hierarchical label RD1 has no matching sheet pin in the parent sheet
    ; error
    @(189.865 mm, 87.63 mm): Hierarchical Label 'RD1'
[hier_label_mismatch]: Hierarchical label RD2 has no matching sheet pin in the parent sheet
    ; error
    @(189.865 mm, 90.17 mm): Hierarchical Label 'RD2'
[hier_label_mismatch]: Hierarchical label RD3 has no matching sheet pin in the parent sheet
    ; error
    @(189.865 mm, 92.71 mm): Hierarchical Label 'RD3'
[hier_label_mismatch]: Hierarchical label RD4 has no matching sheet pin in the parent sheet
    ; error
    @(189.865 mm, 95.25 mm): Hierarchical Label 'RD4'
[hier_label_mismatch]: Hierarchical label RD5 has no matching sheet pin in the parent sheet
    ; error
    @(189.865 mm, 97.79 mm): Hierarchical Label 'RD5'
[hier_label_mismatch]: Hierarchical label RD6 has no matching sheet pin in the parent sheet
    ; error
    @(189.865 mm, 100.33 mm): Hierarchical Label 'RD6'
[hier_label_mismatch]: Hierarchical label RD7 has no matching sheet pin in the parent sheet
    ; error
    @(189.865 mm, 102.87 mm): Hierarchical Label 'RD7'
[hier_label_mismatch]: Hierarchical label rd8 has no matching sheet pin in the parent sheet
    ; error
    @(189.865 mm, 105.41 mm): Hierarchical Label 'rd8'
[hier_label_mismatch]: Hierarchical label rd9 has no matching sheet pin in the parent sheet
    ; error
    @(189.865 mm, 107.95 mm): Hierarchical Label 'rd9'
[hier_label_mismatch]: Hierarchical label rd10 has no matching sheet pin in the parent sheet
    ; error
    @(189.865 mm, 110.49 mm): Hierarchical Label 'rd10'
[hier_label_mismatch]: Hierarchical label rd11 has no matching sheet pin in the parent sheet
    ; error
    @(189.865 mm, 113.03 mm): Hierarchical Label 'rd11'
[hier_label_mismatch]: Hierarchical label rd12 has no matching sheet pin in the parent sheet
    ; error
    @(189.865 mm, 115.57 mm): Hierarchical Label 'rd12'
[hier_label_mismatch]: Hierarchical label rd13 has no matching sheet pin in the parent sheet
    ; error
    @(189.865 mm, 118.11 mm): Hierarchical Label 'rd13'
[hier_label_mismatch]: Hierarchical label rd14 has no matching sheet pin in the parent sheet
    ; error
    @(189.865 mm, 120.65 mm): Hierarchical Label 'rd14'
[hier_label_mismatch]: Hierarchical label rd15 has no matching sheet pin in the parent sheet
    ; error
    @(189.865 mm, 123.19 mm): Hierarchical Label 'rd15'
[hier_label_mismatch]: Hierarchical label rf0 has no matching sheet pin in the parent sheet
    ; error
    @(189.865 mm, 128.27 mm): Hierarchical Label 'rf0'
[hier_label_mismatch]: Hierarchical label rf1 has no matching sheet pin in the parent sheet
    ; error
    @(189.865 mm, 130.81 mm): Hierarchical Label 'rf1'
[hier_label_mismatch]: Hierarchical label rf2 has no matching sheet pin in the parent sheet
    ; error
    @(189.865 mm, 133.35 mm): Hierarchical Label 'rf2'
[hier_label_mismatch]: Hierarchical label rf3 has no matching sheet pin in the parent sheet
    ; error
    @(189.865 mm, 135.89 mm): Hierarchical Label 'rf3'
[hier_label_mismatch]: Hierarchical label rf4 has no matching sheet pin in the parent sheet
    ; error
    @(189.865 mm, 138.43 mm): Hierarchical Label 'rf4'
[hier_label_mismatch]: Hierarchical label rf5 has no matching sheet pin in the parent sheet
    ; error
    @(189.865 mm, 140.97 mm): Hierarchical Label 'rf5'
[hier_label_mismatch]: Hierarchical label rf8 has no matching sheet pin in the parent sheet
    ; error
    @(189.865 mm, 143.51 mm): Hierarchical Label 'rf8'
[hier_label_mismatch]: Hierarchical label rf12 has no matching sheet pin in the parent sheet
    ; error
    @(189.865 mm, 146.05 mm): Hierarchical Label 'rf12'
[hier_label_mismatch]: Hierarchical label rf13 has no matching sheet pin in the parent sheet
    ; error
    @(189.865 mm, 148.59 mm): Hierarchical Label 'rf13'

***** Sheet /oS_AnalogDevices/

 ** ERC messages: 1274  Errors 338  Warnings 936

 ** Ignored checks:
    - Global label only appears once in the schematic
    - Four connection points are joined together
    - SPICE model issue
    - Assigned footprint doesn't match footprint filters
